Nombre;Edad;RUN;Universidad;Carrera;Mail;Calculo;Algebra;Fisica;FPI
Jenny;51;18.362.933-0;UdChile;Informatica;Jenny@UdChile.edu;5.4;1.8;1.4;4.8
Valerye;46;26.688.621-7;UdChile;Electrica;Valerye@UdChile.edu;3.4;6.0;2.8;4.9
Della;52;26.754.650-1;Usach;Informatica;Della@Usach.cl;5.7;4.5;6.2;5.1
Petra;45;25.468.600-8;UCatolica;Informatica;Petra@UCatolica.edu;1.2;3.1;5.6;1.5
Selestina;38;29.861.517-3;UdChile;Informatica;Selestina@UdChile.edu;4.3;6.3;4.2;5.4
Loni;32;28.183.275-K;UdChile;Quimica;Loni@UdChile.edu;3.2;4.2;6.4;2.3
Charlot;37;22.963.076-K;UCatolica;Bachi;Charlot@UCatolica.edu;4.1;3.9;4.9;3.4
Sabra;29;25.030.965-6;Usach;Obras;Sabra@Usach.cl;2.8;3.0;1.9;6.8
Rhea;25;15.672.746-5;UdChile;Quimica;Rhea@UdChile.cl;1.5;1.9;6.8;3.1
Perla;46;21.294.279-K;UTEM;Obras;Perla@UTEM.cl;3.9;4.5;3.0;5.5
Amabel;21;14.969.171-K;UdChile;Electrica;Amabel@UdChile.edu;2.2;4.6;3.0;5.8
Christina;39;27.423.878-6;UTEM;Obras;Christina@UTEM.cl;6.3;2.0;3.5;1.6
Madalyn;38;14.158.161-0;UCatolica;Electrica;Madalyn@UCatolica.com;2.4;3.8;2.1;6.0
Gaylene;48;29.458.544-9;UdChile;Electrica;Gaylene@UdChile.cl;1.2;4.7;1.9;6.9
Aurelea;27;28.821.900-1;UCatolica;Bachi;Aurelea@UCatolica.cl;4.9;6.2;6.9;2.2
Nerita;24;17.552.885-5;UdChile;Informatica;Nerita@UdChile.cl;2.4;4.7;5.7;5.5
Alejandra;25;24.470.999-9;UCatolica;Obras;Alejandra@UCatolica.edu;2.2;6.7;1.3;3.9
Aindrea;30;19.802.211-4;UdChile;Bachi;Aindrea@UdChile.com;4.6;6.7;6.1;5.2
Laure;45;27.761.903-8;UCatolica;Obras;Laure@UCatolica.cl;6.8;2.2;4.0;5.8
Irma;20;26.981.348-K;UCatolica;Bachi;Irma@UCatolica.edu;1.8;2.9;4.3;1.7
Alvinia;20;22.473.537-3;UCatolica;Quimica;Alvinia@UCatolica.edu;2.0;2.0;6.6;2.8
Nolie;48;15.181.039-9;UCatolica;Obras;Nolie@UCatolica.cl;5.1;5.2;2.5;6.0
Alfie;52;25.150.512-9;UTEM;Quimica;Alfie@UTEM.com;4.2;4.9;6.2;6.0
Nada;51;11.823.686-7;Usach;Electrica;Nada@Usach.edu;6.6;5.0;1.5;4.7
Ethel;53;24.495.794-6;UCatolica;Informatica;Ethel@UCatolica.edu;5.0;6.7;5.2;2.0
Maisie;43;24.994.190-K;UCatolica;Quimica;Maisie@UCatolica.edu;6.2;3.5;3.9;2.8
Alyse;42;13.854.978-6;Usach;Electrica;Alyse@Usach.edu;6.7;2.3;1.2;2.6
Pattie;29;22.771.293-0;Usach;Quimica;Pattie@Usach.com;1.4;1.2;4.3;4.7
Christi;36;15.327.135-6;UTEM;Bachi;Christi@UTEM.edu;4.6;6.2;5.5;2.4
Deny;42;14.485.926-9;UdChile;Quimica;Deny@UdChile.com;3.6;4.9;5.5;3.6
Tamara;30;10.275.377-8;Usach;Electrica;Tamara@Usach.com;2.6;4.2;2.2;2.0
Sile;20;12.123.621-6;UTEM;Quimica;Sile@UTEM.com;4.1;1.5;3.3;5.5
Darbie;49;15.974.601-9;UTEM;Electrica;Darbie@UTEM.com;3.0;1.2;1.8;5.0
Elene;31;17.766.689-9;Usach;Electrica;Elene@Usach.com;3.4;3.3;4.5;3.2
Jennifer;21;20.463.382-1;UTEM;Electrica;Jennifer@UTEM.edu;3.0;2.8;2.4;2.1
Sadella;42;18.277.786-9;Usach;Electrica;Sadella@Usach.com;2.1;5.7;1.5;1.1
Lizabeth;33;17.026.656-6;Usach;Obras;Lizabeth@Usach.cl;2.7;2.3;4.3;4.7
Trula;35;19.945.153-3;Usach;Bachi;Trula@Usach.com;1.2;5.7;5.4;5.3
Juliann;33;28.512.386-9;UTEM;Obras;Juliann@UTEM.com;1.7;3.5;5.0;2.0
Olivette;39;19.120.042-2;UdChile;Bachi;Olivette@UdChile.cl;3.1;1.8;3.3;2.2
Anetta;50;28.942.775-9;Usach;Electrica;Anetta@Usach.cl;1.6;3.7;6.6;3.5
Fionna;36;18.100.107-K;UCatolica;Quimica;Fionna@UCatolica.edu;2.1;3.2;1.5;2.8
Amabelle;20;19.326.979-7;Usach;Obras;Amabelle@Usach.edu;6.0;5.3;5.0;2.5
Vikky;22;20.005.542-4;Usach;Bachi;Vikky@Usach.cl;3.5;4.2;3.0;3.2
Mady;25;15.591.989-5;UdChile;Informatica;Mady@UdChile.edu;1.6;5.0;2.1;4.6
Veronica;26;10.608.304-1;UCatolica;Electrica;Veronica@UCatolica.cl;6.9;3.9;1.4;5.0
Shanda;43;27.724.706-K;UdChile;Informatica;Shanda@UdChile.edu;2.5;1.6;4.2;5.5
Bobbee;51;16.239.890-8;UCatolica;Bachi;Bobbee@UCatolica.com;4.3;6.2;6.8;1.0
Carlota;41;17.620.253-8;Usach;Obras;Carlota@Usach.cl;1.6;4.9;2.9;1.0
Anjanette;31;16.925.471-5;Usach;Bachi;Anjanette@Usach.com;4.3;4.6;3.3;1.9
Mabelle;48;14.762.629-K;UCatolica;Electrica;Mabelle@UCatolica.cl;6.8;5.4;3.5;6.6
Lenee;21;16.640.088-3;UCatolica;Informatica;Lenee@UCatolica.edu;5.7;5.5;5.5;4.3
Harriett;26;16.202.959-1;UCatolica;Informatica;Harriett@UCatolica.cl;4.0;2.4;1.5;2.5
Shandra;28;23.665.208-0;Usach;Electrica;Shandra@Usach.edu;2.2;4.0;4.1;3.2
Evelina;35;28.145.713-6;UdChile;Electrica;Evelina@UdChile.com;4.4;1.4;4.8;5.3
Jeanelle;53;18.982.626-3;Usach;Quimica;Jeanelle@Usach.edu;3.6;4.4;5.7;4.9
Renae;50;10.899.032-1;UdChile;Quimica;Renae@UdChile.edu;2.5;6.7;3.7;5.1
Sheela;33;25.342.790-7;UdChile;Obras;Sheela@UdChile.cl;4.8;2.5;1.6;2.8
Goldie;55;29.046.830-5;UTEM;Electrica;Goldie@UTEM.edu;4.0;6.3;6.8;5.4
Nanci;54;11.694.462-5;UdChile;Bachi;Nanci@UdChile.com;4.4;6.4;4.7;2.9
Livy;45;10.662.167-5;UdChile;Obras;Livy@UdChile.cl;6.9;2.0;4.1;6.0
Hadria;42;14.993.068-1;Usach;Electrica;Hadria@Usach.com;2.6;6.4;1.4;1.4
Arabele;18;13.432.718-6;Usach;Quimica;Arabele@Usach.cl;6.9;6.2;1.3;6.7
Adelind;43;25.170.571-3;UCatolica;Informatica;Adelind@UCatolica.cl;1.5;1.7;6.0;4.7
Helyn;25;14.380.628-K;UTEM;Electrica;Helyn@UTEM.com;2.4;2.6;2.9;3.6
Robinette;54;19.491.902-K;UTEM;Obras;Robinette@UTEM.com;3.3;6.4;4.5;5.8
Gerrie;39;29.382.510-9;UdChile;Obras;Gerrie@UdChile.edu;1.3;1.5;4.4;5.7
Amandy;29;17.710.864-6;UdChile;Obras;Amandy@UdChile.com;5.0;5.9;3.5;5.5
Ardisj;55;29.489.754-1;UCatolica;Bachi;Ardisj@UCatolica.com;1.9;3.1;4.2;5.6
Dido;48;27.892.429-8;UTEM;Electrica;Dido@UTEM.com;6.4;6.2;2.8;4.8
Joellyn;17;25.301.349-4;UCatolica;Obras;Joellyn@UCatolica.com;3.5;6.7;1.8;4.1
Cassi;18;18.712.569-8;Usach;Electrica;Cassi@Usach.cl;4.1;4.4;2.7;2.1
Phylis;23;20.345.201-1;UdChile;Bachi;Phylis@UdChile.cl;4.2;1.8;4.7;1.6
Aigneis;29;13.503.409-4;Usach;Quimica;Aigneis@Usach.cl;6.2;1.4;1.2;6.9
Shawn;25;12.511.176-4;Usach;Bachi;Shawn@Usach.com;6.7;4.5;2.9;2.6
Lotta;32;28.596.294-7;UdChile;Quimica;Lotta@UdChile.edu;5.9;3.0;5.2;4.3
Kellie;50;12.837.092-4;UdChile;Obras;Kellie@UdChile.cl;4.5;2.9;1.4;2.0
Rory;51;12.060.762-9;Usach;Quimica;Rory@Usach.com;5.6;4.5;6.0;4.4
Mimi;53;12.561.944-2;UdChile;Obras;Mimi@UdChile.cl;1.7;5.8;3.7;1.0
Charlene;48;25.856.710-5;UCatolica;Bachi;Charlene@UCatolica.edu;3.4;3.8;6.3;4.4
Domini;18;13.357.497-3;UTEM;Obras;Domini@UTEM.edu;4.4;4.7;6.7;5.1
Cathy;19;21.760.541-3;UCatolica;Bachi;Cathy@UCatolica.edu;5.7;5.6;6.9;1.6
Ileane;24;27.874.673-0;UTEM;Electrica;Ileane@UTEM.com;1.9;2.3;5.0;4.4
Romy;41;27.057.491-8;UCatolica;Bachi;Romy@UCatolica.com;5.1;5.4;1.5;2.9
Jordain;38;26.910.816-0;UdChile;Electrica;Jordain@UdChile.com;3.7;3.7;4.9;1.6
Minta;30;25.687.418-9;UTEM;Quimica;Minta@UTEM.com;1.0;4.3;5.5;3.7
Nicki;54;18.186.597-3;UCatolica;Electrica;Nicki@UCatolica.cl;4.4;2.0;6.2;4.7
Clara;53;21.147.559-8;UdChile;Informatica;Clara@UdChile.edu;4.8;3.0;2.5;6.2
Laverna;30;16.114.338-5;UCatolica;Bachi;Laverna@UCatolica.edu;2.7;4.8;4.7;2.2
Angil;50;22.109.827-6;UdChile;Quimica;Angil@UdChile.com;2.0;5.0;1.9;6.5
Jacquetta;50;17.153.433-6;UCatolica;Bachi;Jacquetta@UCatolica.cl;1.1;4.9;3.9;2.4
Greta;36;14.006.660-7;UCatolica;Electrica;Greta@UCatolica.cl;4.3;6.8;5.5;3.8
Drucy;40;21.343.390-2;UTEM;Obras;Drucy@UTEM.com;1.9;5.9;1.9;3.2
Noami;41;27.786.166-7;UTEM;Quimica;Noami@UTEM.edu;2.0;6.2;6.2;2.3
Dorry;34;22.220.158-1;Usach;Bachi;Dorry@Usach.com;4.2;4.8;1.6;1.2
Pamelina;42;29.218.815-0;UTEM;Informatica;Pamelina@UTEM.edu;6.9;5.7;5.4;1.9
Aime;38;11.326.442-6;UdChile;Obras;Aime@UdChile.com;6.2;3.0;6.3;5.1
Deonne;40;23.399.607-6;Usach;Bachi;Deonne@Usach.edu;5.6;3.6;2.9;5.1
Annaliese;30;26.450.161-6;UTEM;Quimica;Annaliese@UTEM.cl;1.5;2.6;4.4;4.6
Antonetta;23;19.243.847-0;UTEM;Electrica;Antonetta@UTEM.com;2.1;5.6;6.0;2.3
Terrye;38;24.574.152-5;UdChile;Obras;Terrye@UdChile.cl;4.6;4.6;1.9;4.0
Corabella;35;13.748.565-0;Usach;Bachi;Corabella@Usach.edu;2.3;3.0;1.9;2.4
Magdalena;42;19.404.102-0;UCatolica;Informatica;Magdalena@UCatolica.cl;6.3;2.1;2.1;3.1
Sydelle;36;19.167.369-4;UCatolica;Bachi;Sydelle@UCatolica.edu;5.2;4.3;5.1;3.6
Willy;49;11.766.827-4;UCatolica;Electrica;Willy@UCatolica.edu;3.6;2.1;2.7;2.9
Sukey;44;17.718.312-7;UdChile;Bachi;Sukey@UdChile.cl;4.3;2.5;3.8;4.7
Larissa;44;28.803.227-3;Usach;Quimica;Larissa@Usach.edu;2.5;6.6;5.2;3.9
Berte;49;19.743.722-K;Usach;Electrica;Berte@Usach.cl;5.0;5.8;4.7;1.0
Issi;30;16.719.440-0;UTEM;Bachi;Issi@UTEM.com;2.1;5.5;4.3;4.2
Roxine;39;24.477.739-3;UCatolica;Electrica;Roxine@UCatolica.com;2.4;5.9;3.2;5.1
Brandise;53;15.663.066-7;Usach;Bachi;Brandise@Usach.cl;2.6;3.0;5.3;2.2
Timmi;49;20.695.546-9;UCatolica;Electrica;Timmi@UCatolica.edu;2.1;3.2;3.8;6.1
Viv;49;24.149.392-8;UTEM;Obras;Viv@UTEM.edu;4.7;4.0;3.0;6.4
Alisa;28;17.257.893-7;UTEM;Informatica;Alisa@UTEM.com;6.4;6.5;6.3;2.9
Peggie;47;23.722.608-7;Usach;Electrica;Peggie@Usach.cl;1.9;6.8;2.1;3.5
Vonny;28;24.069.287-0;Usach;Informatica;Vonny@Usach.cl;2.4;5.4;6.3;2.3
Zulema;29;19.185.830-6;Usach;Informatica;Zulema@Usach.cl;5.4;3.8;5.8;1.5
Fred;54;24.001.022-6;UdChile;Obras;Fred@UdChile.com;4.0;3.6;5.6;1.7
Torey;25;29.456.175-2;UCatolica;Obras;Torey@UCatolica.com;6.8;5.5;4.7;2.2
Nanny;53;16.746.006-0;UCatolica;Informatica;Nanny@UCatolica.cl;3.9;1.0;2.1;6.1
Fernanda;48;14.457.837-6;UdChile;Obras;Fernanda@UdChile.edu;4.1;3.6;5.1;1.7
Lisbeth;50;12.383.714-8;Usach;Quimica;Lisbeth@Usach.cl;3.3;6.9;3.0;4.9
Kirsteni;42;17.819.169-K;UCatolica;Informatica;Kirsteni@UCatolica.edu;5.3;4.8;1.2;5.2
Liuka;42;25.532.253-1;UTEM;Informatica;Liuka@UTEM.edu;4.7;5.6;1.4;6.8
Brittan;24;22.834.634-2;UCatolica;Obras;Brittan@UCatolica.edu;5.2;6.9;6.6;2.2
Georgianna;49;19.559.633-9;UTEM;Obras;Georgianna@UTEM.com;3.7;3.1;5.8;5.3
Fulvia;23;11.908.403-3;UdChile;Obras;Fulvia@UdChile.com;6.0;5.1;2.2;1.5
Ellynn;34;22.834.090-1;UTEM;Obras;Ellynn@UTEM.edu;1.3;1.3;6.8;4.5
Lavinie;24;29.287.925-K;UdChile;Informatica;Lavinie@UdChile.com;6.2;6.5;4.6;2.3
Blanch;31;29.084.724-4;UTEM;Electrica;Blanch@UTEM.cl;4.9;2.7;4.7;5.4
Maura;34;18.228.381-K;UCatolica;Obras;Maura@UCatolica.edu;5.7;6.4;3.6;3.9
Grayce;22;25.045.534-2;UTEM;Informatica;Grayce@UTEM.edu;6.6;4.7;3.6;6.4
Karrie;55;29.691.500-K;UdChile;Bachi;Karrie@UdChile.edu;3.8;6.2;4.7;6.0
Joelie;49;15.324.478-5;UCatolica;Quimica;Joelie@UCatolica.cl;6.2;1.4;2.7;5.7
Jill;38;12.314.209-K;Usach;Bachi;Jill@Usach.cl;5.3;5.3;6.6;2.4
Sibyl;41;27.447.878-3;UdChile;Obras;Sibyl@UdChile.cl;1.3;6.0;3.0;5.2
Nady;20;22.193.489-3;UdChile;Quimica;Nady@UdChile.com;6.7;5.3;6.3;6.7
Millicent;24;12.982.532-1;Usach;Electrica;Millicent@Usach.com;6.5;2.9;3.6;2.8
Loretta;55;17.857.315-7;UTEM;Obras;Loretta@UTEM.edu;2.0;5.5;5.7;2.5
Emlynn;25;28.004.859-6;UTEM;Bachi;Emlynn@UTEM.com;2.9;3.2;2.7;6.7
Eada;51;20.760.132-1;Usach;Informatica;Eada@Usach.com;5.3;2.9;5.0;3.2
Corliss;54;26.543.330-7;UCatolica;Bachi;Corliss@UCatolica.cl;6.2;3.1;4.3;5.8
Ermentrude;39;16.872.515-5;UCatolica;Electrica;Ermentrude@UCatolica.edu;6.4;6.8;5.0;5.3
Hanni;25;17.439.328-K;Usach;Bachi;Hanni@Usach.edu;1.3;1.6;6.7;1.5
Othelia;32;21.771.594-3;UCatolica;Obras;Othelia@UCatolica.edu;6.8;2.9;2.1;4.5
Emmalynne;36;25.165.074-1;UCatolica;Obras;Emmalynne@UCatolica.cl;3.0;6.6;5.8;3.9
Melonie;50;18.755.983-4;UdChile;Obras;Melonie@UdChile.edu;2.6;5.2;4.0;6.1
Bill;33;18.584.099-0;UCatolica;Electrica;Bill@UCatolica.cl;2.2;3.0;6.1;5.7
Birgit;45;26.213.251-4;UTEM;Electrica;Birgit@UTEM.cl;6.9;2.0;6.8;4.1
Marcelia;51;23.822.811-K;Usach;Electrica;Marcelia@Usach.cl;1.3;6.3;6.8;6.2
Mersey;37;29.356.012-4;Usach;Informatica;Mersey@Usach.edu;6.7;6.9;3.2;6.4
Chandra;41;16.329.101-K;UTEM;Quimica;Chandra@UTEM.cl;2.2;6.9;1.3;2.1
Korella;18;24.502.916-6;UdChile;Bachi;Korella@UdChile.com;3.6;1.1;3.8;6.7
Velma;23;17.642.200-3;UTEM;Obras;Velma@UTEM.edu;4.6;2.9;2.5;6.4
Bertie;21;11.696.183-2;UCatolica;Obras;Bertie@UCatolica.cl;4.9;1.3;2.0;5.8
Blinni;37;26.993.660-K;UTEM;Informatica;Blinni@UTEM.edu;5.9;4.0;4.7;3.9
Kathye;19;20.469.056-0;Usach;Bachi;Kathye@Usach.edu;1.1;1.5;1.4;6.2
Roselia;23;14.222.593-5;UCatolica;Quimica;Roselia@UCatolica.com;3.9;5.5;4.4;1.4
Suzanna;39;28.702.029-K;UCatolica;Obras;Suzanna@UCatolica.com;1.6;1.2;4.3;1.1
Joell;38;25.934.994-3;UTEM;Quimica;Joell@UTEM.edu;6.7;2.4;1.6;6.3
Dody;27;28.582.872-4;UdChile;Bachi;Dody@UdChile.com;4.6;3.9;2.9;5.8
Sybyl;26;22.930.219-1;Usach;Informatica;Sybyl@Usach.edu;4.6;5.9;5.8;6.4
Brett;28;18.341.372-1;UCatolica;Bachi;Brett@UCatolica.edu;4.2;6.8;2.3;4.8
Luisa;26;12.063.651-6;UdChile;Bachi;Luisa@UdChile.cl;2.1;4.4;5.7;5.1
Kikelia;36;27.504.208-8;UdChile;Bachi;Kikelia@UdChile.cl;1.7;4.5;2.6;5.4
Reina;38;21.640.595-0;UTEM;Electrica;Reina@UTEM.com;6.5;1.0;1.2;5.9
Keriann;19;22.522.489-4;UCatolica;Electrica;Keriann@UCatolica.edu;6.8;6.7;3.0;2.4
Alexina;51;28.189.519-0;Usach;Bachi;Alexina@Usach.cl;2.7;3.1;2.3;2.4
Karissa;35;12.583.587-5;UdChile;Obras;Karissa@UdChile.edu;2.3;2.6;3.8;6.4
Wallie;45;25.760.387-4;UCatolica;Electrica;Wallie@UCatolica.edu;4.7;4.1;6.1;4.9
Rozanna;51;20.285.830-3;Usach;Electrica;Rozanna@Usach.edu;2.5;4.0;1.1;1.5
Nicolea;50;16.935.797-2;UdChile;Quimica;Nicolea@UdChile.cl;6.3;5.5;6.1;4.1
Genovera;52;26.498.285-8;UCatolica;Electrica;Genovera@UCatolica.edu;2.3;3.4;1.2;6.8
Alie;17;21.226.661-5;Usach;Informatica;Alie@Usach.cl;4.7;6.6;6.0;6.0
Joya;23;13.767.865-4;UCatolica;Bachi;Joya@UCatolica.com;5.9;1.4;3.1;5.0
Kariotta;35;29.476.910-8;UCatolica;Bachi;Kariotta@UCatolica.com;4.9;3.0;3.9;6.7
Harmony;53;28.310.219-9;UCatolica;Obras;Harmony@UCatolica.edu;1.6;3.7;4.8;1.9
Dorey;43;17.045.103-6;Usach;Obras;Dorey@Usach.com;4.4;2.0;3.6;4.6
Tootsie;28;21.684.806-4;UCatolica;Quimica;Tootsie@UCatolica.cl;5.4;4.2;4.3;3.4
Analise;34;17.293.465-2;UdChile;Quimica;Analise@UdChile.com;3.2;5.7;1.1;4.9
Minni;53;19.629.393-9;UCatolica;Informatica;Minni@UCatolica.edu;5.6;1.2;6.0;2.9
Ricca;30;14.225.971-1;UdChile;Quimica;Ricca@UdChile.cl;1.7;2.6;6.7;3.2
Dot;51;21.032.943-K;UdChile;Electrica;Dot@UdChile.edu;1.1;3.5;2.5;1.2
Brenda;25;21.402.421-0;UTEM;Obras;Brenda@UTEM.edu;4.7;3.1;2.0;2.5
Carlen;19;15.788.157-2;UdChile;Obras;Carlen@UdChile.cl;1.1;6.5;2.7;6.9
Frances;34;18.861.943-6;UTEM;Bachi;Frances@UTEM.edu;2.2;6.4;1.6;2.2
Tammi;51;13.798.702-7;UCatolica;Informatica;Tammi@UCatolica.com;4.9;2.0;3.7;3.3
Natassia;32;10.459.919-8;Usach;Bachi;Natassia@Usach.edu;2.4;5.1;5.2;2.6
Mara;43;25.805.160-2;UCatolica;Obras;Mara@UCatolica.edu;6.3;3.1;2.8;4.5
Carlye;30;25.166.637-6;UdChile;Informatica;Carlye@UdChile.com;1.4;2.5;2.7;4.5
Gwynne;49;15.272.761-K;Usach;Informatica;Gwynne@Usach.com;2.2;5.0;2.7;4.4
Nataline;35;29.454.815-8;UdChile;Electrica;Nataline@UdChile.cl;1.1;1.1;4.1;3.6
Patricia;39;20.479.782-9;UTEM;Bachi;Patricia@UTEM.edu;5.5;1.0;6.9;5.9
Jasmine;30;27.449.229-7;UCatolica;Quimica;Jasmine@UCatolica.com;6.8;2.5;1.1;2.0
Norina;48;23.367.201-6;UdChile;Obras;Norina@UdChile.cl;2.8;1.6;6.0;1.6
Pepita;54;24.132.354-K;UTEM;Quimica;Pepita@UTEM.edu;2.4;6.9;6.3;6.4
Eyde;33;13.703.755-2;UCatolica;Informatica;Eyde@UCatolica.edu;6.4;4.9;1.0;6.2
Claudine;54;25.532.051-8;UCatolica;Bachi;Claudine@UCatolica.com;1.2;5.5;3.0;1.1
Sonnnie;19;12.292.393-8;UdChile;Bachi;Sonnnie@UdChile.com;1.8;1.7;1.2;6.7
Tiffany;26;17.314.903-4;UTEM;Quimica;Tiffany@UTEM.com;1.4;4.7;1.1;3.1
Jami;26;27.603.300-6;UTEM;Informatica;Jami@UTEM.edu;5.6;6.6;2.7;3.8
Freddy;31;11.609.418-5;UdChile;Electrica;Freddy@UdChile.edu;3.7;6.8;5.7;3.5
Christiane;44;14.655.651-0;Usach;Informatica;Christiane@Usach.com;6.6;6.1;4.2;4.6
Theressa;48;19.957.295-9;UCatolica;Quimica;Theressa@UCatolica.edu;3.6;4.6;2.1;4.0
Jeanna;52;29.033.964-0;UTEM;Quimica;Jeanna@UTEM.edu;6.7;1.2;5.7;2.9
Lisette;30;26.781.988-2;Usach;Obras;Lisette@Usach.edu;5.9;1.1;5.3;6.3
Lissy;33;22.753.801-4;UTEM;Informatica;Lissy@UTEM.cl;1.7;4.6;5.7;6.4
Blaire;41;24.599.621-8;UTEM;Bachi;Blaire@UTEM.cl;4.1;6.0;1.6;1.1
Eddie;54;17.339.258-3;UTEM;Informatica;Eddie@UTEM.edu;4.9;2.5;1.1;1.9
Shanon;35;16.906.038-K;Usach;Electrica;Shanon@Usach.edu;2.8;5.4;5.8;6.6
Mindy;55;21.867.253-K;UTEM;Quimica;Mindy@UTEM.cl;5.7;1.2;6.3;6.8
Dana;30;10.757.817-K;UdChile;Bachi;Dana@UdChile.cl;6.9;6.3;2.1;1.3
Pansy;27;27.182.876-6;Usach;Obras;Pansy@Usach.edu;1.8;4.0;6.5;3.8
Mariette;29;22.919.974-0;UdChile;Obras;Mariette@UdChile.cl;6.5;4.0;6.9;5.0
Jillian;32;13.264.166-9;UdChile;Quimica;Jillian@UdChile.cl;2.7;5.1;6.8;6.4
Ilyse;26;26.301.103-2;UCatolica;Bachi;Ilyse@UCatolica.com;2.0;4.4;5.8;2.4
Lillis;27;27.630.220-4;UTEM;Bachi;Lillis@UTEM.edu;4.0;2.8;3.8;4.1
Regina;28;21.725.109-8;UdChile;Bachi;Regina@UdChile.cl;2.3;2.4;3.4;1.4
Kristal;35;22.659.429-9;UTEM;Obras;Kristal@UTEM.cl;3.2;3.5;5.0;1.1
Sharia;39;25.418.784-3;UTEM;Bachi;Sharia@UTEM.cl;1.1;1.3;1.7;6.6
Catie;51;26.634.189-0;Usach;Obras;Catie@Usach.edu;2.0;6.1;5.0;2.6
Lindie;52;16.498.208-6;Usach;Electrica;Lindie@Usach.com;5.5;5.5;6.8;1.0
Marie;27;19.272.804-7;UdChile;Informatica;Marie@UdChile.com;6.8;3.3;4.8;3.1
Devondra;53;28.248.047-6;UCatolica;Bachi;Devondra@UCatolica.cl;1.1;5.3;4.5;3.2
Bevvy;27;14.404.154-9;Usach;Bachi;Bevvy@Usach.com;1.7;4.0;3.0;4.3
Vivyan;42;28.637.834-K;UTEM;Obras;Vivyan@UTEM.com;3.4;2.9;3.5;3.6
Blondy;34;28.493.253-1;UCatolica;Bachi;Blondy@UCatolica.cl;5.0;4.0;6.3;6.1
Frankie;52;16.120.510-6;Usach;Informatica;Frankie@Usach.cl;3.5;4.1;1.0;5.4
Fan;52;18.047.888-7;UdChile;Informatica;Fan@UdChile.com;2.5;6.4;6.0;4.9
Jodi;23;25.952.543-2;UdChile;Quimica;Jodi@UdChile.cl;1.2;3.7;5.1;5.6
Monika;37;29.054.939-3;UCatolica;Informatica;Monika@UCatolica.edu;3.9;2.2;4.6;2.6
Gennie;21;11.470.633-9;UdChile;Obras;Gennie@UdChile.cl;1.7;3.2;5.1;5.9
Theresina;43;10.660.838-2;UdChile;Informatica;Theresina@UdChile.edu;3.3;3.4;5.0;4.2
Tiphanie;48;20.853.569-K;UCatolica;Quimica;Tiphanie@UCatolica.com;6.8;4.6;1.9;1.0
Cori;42;25.295.629-6;Usach;Informatica;Cori@Usach.com;4.2;4.7;4.5;4.5
Connie;37;11.820.535-2;Usach;Bachi;Connie@Usach.cl;1.0;5.8;5.0;1.7
Lela;22;28.189.180-0;UTEM;Quimica;Lela@UTEM.edu;4.5;2.2;3.0;1.6
Nikolia;39;25.254.092-9;UdChile;Quimica;Nikolia@UdChile.cl;2.8;6.3;4.1;5.5
Hildegaard;24;16.345.874-K;Usach;Informatica;Hildegaard@Usach.edu;3.7;3.2;5.1;1.5
Darya;54;20.494.253-8;UCatolica;Informatica;Darya@UCatolica.edu;2.8;5.3;2.9;1.7
Roanna;51;20.026.058-6;UdChile;Quimica;Roanna@UdChile.com;4.8;2.4;2.1;6.3
Allison;28;26.806.323-K;UCatolica;Informatica;Allison@UCatolica.edu;3.1;1.6;4.6;6.5
Maureene;29;15.028.120-2;Usach;Bachi;Maureene@Usach.com;1.9;3.8;6.3;3.2
Cory;19;22.357.836-2;Usach;Informatica;Cory@Usach.edu;3.3;1.2;5.2;2.8
Leanora;43;12.196.291-2;UdChile;Obras;Leanora@UdChile.edu;4.4;2.3;3.7;3.1
Karol;20;23.516.992-4;Usach;Informatica;Karol@Usach.com;4.8;5.2;1.6;6.1
Caralie;50;15.658.218-9;Usach;Bachi;Caralie@Usach.edu;1.7;2.0;5.3;6.1
Xylia;44;12.104.078-7;UTEM;Bachi;Xylia@UTEM.com;5.2;6.2;5.2;6.7
Leanna;27;29.067.106-3;Usach;Informatica;Leanna@Usach.cl;2.7;1.7;3.6;2.9
Maurine;42;23.083.936-1;UdChile;Informatica;Maurine@UdChile.com;3.8;4.8;5.2;4.8
Clarissa;28;20.159.154-K;UCatolica;Bachi;Clarissa@UCatolica.edu;3.6;1.8;4.1;2.3
Lynea;20;26.892.285-0;UCatolica;Obras;Lynea@UCatolica.edu;1.7;5.9;5.2;1.3
Carena;48;11.138.816-7;Usach;Bachi;Carena@Usach.cl;1.9;6.8;1.8;6.5
Alexandrina;24;27.940.911-3;UdChile;Electrica;Alexandrina@UdChile.com;2.6;3.0;4.0;3.6
Elane;18;21.607.484-5;UdChile;Obras;Elane@UdChile.edu;1.6;3.0;5.7;1.7
Izabel;23;22.398.152-5;UCatolica;Electrica;Izabel@UCatolica.cl;5.6;5.2;4.5;5.8
Rosana;45;26.154.703-6;UTEM;Electrica;Rosana@UTEM.com;4.9;1.1;4.5;6.8
Eustacia;51;19.699.885-3;UdChile;Informatica;Eustacia@UdChile.com;6.8;2.7;5.5;1.8
Violante;46;26.292.376-4;UCatolica;Bachi;Violante@UCatolica.cl;4.7;1.5;2.3;1.8
Mehetabel;25;21.012.667-7;Usach;Obras;Mehetabel@Usach.edu;1.0;1.5;3.4;6.6
Natalya;35;28.379.177-6;UCatolica;Electrica;Natalya@UCatolica.cl;4.4;5.5;1.0;2.3
Bernadene;30;11.551.257-9;UdChile;Bachi;Bernadene@UdChile.edu;3.6;2.9;6.4;5.7
Sallyanne;34;13.224.497-8;UdChile;Electrica;Sallyanne@UdChile.cl;2.5;2.2;3.6;3.7
Adelheid;49;20.059.382-6;UCatolica;Obras;Adelheid@UCatolica.cl;5.8;5.6;6.0;6.6
Modestine;47;23.896.525-2;UCatolica;Electrica;Modestine@UCatolica.edu;2.9;3.9;2.4;2.6
Mickie;47;12.743.844-4;UdChile;Informatica;Mickie@UdChile.cl;2.1;5.4;5.6;6.5
Allina;55;15.077.409-6;UdChile;Informatica;Allina@UdChile.com;4.4;5.2;6.7;3.3
Kerrill;54;24.783.511-4;UdChile;Quimica;Kerrill@UdChile.cl;6.8;2.6;4.0;6.7
Dominga;42;25.498.737-1;UdChile;Informatica;Dominga@UdChile.cl;4.5;4.0;6.9;3.1
Neala;53;10.694.743-7;UdChile;Electrica;Neala@UdChile.com;4.7;3.4;4.4;5.5
Tim;38;26.954.888-8;Usach;Quimica;Tim@Usach.edu;6.1;2.8;2.4;5.6
Trisha;27;26.674.678-8;UCatolica;Obras;Trisha@UCatolica.cl;3.5;1.3;3.2;4.5
Daisi;39;25.818.656-2;UTEM;Bachi;Daisi@UTEM.com;6.2;4.4;6.0;2.0
Christalle;38;12.553.749-7;Usach;Informatica;Christalle@Usach.com;1.0;3.4;2.4;5.7
Ambur;48;16.346.376-7;UdChile;Bachi;Ambur@UdChile.cl;2.2;2.5;1.1;2.8
Adiana;53;25.877.250-7;UTEM;Obras;Adiana@UTEM.cl;6.9;3.6;5.0;3.4
Erena;31;23.158.026-8;UdChile;Electrica;Erena@UdChile.edu;4.3;6.5;5.3;6.3
Maurene;32;12.671.132-0;UCatolica;Electrica;Maurene@UCatolica.com;4.6;6.6;2.6;1.6
Annabela;19;10.029.729-K;UCatolica;Quimica;Annabela@UCatolica.edu;3.3;5.8;3.2;4.2
Alica;51;18.483.940-3;UdChile;Bachi;Alica@UdChile.com;1.5;4.3;1.4;6.5
Bobby;55;14.771.921-9;UCatolica;Electrica;Bobby@UCatolica.cl;1.5;2.4;3.0;4.9
Ashla;42;26.014.370-1;Usach;Bachi;Ashla@Usach.com;3.4;6.9;2.7;5.4
Dacia;35;13.946.477-1;UCatolica;Obras;Dacia@UCatolica.com;6.3;6.1;3.5;5.6
Serene;32;13.193.082-8;Usach;Obras;Serene@Usach.com;3.3;6.0;3.2;5.6
Tina;48;15.649.356-8;UCatolica;Informatica;Tina@UCatolica.cl;2.4;6.6;5.2;3.2
Lilyan;47;13.688.399-0;UCatolica;Obras;Lilyan@UCatolica.com;1.8;5.9;3.6;3.1
Bernadine;55;26.795.583-0;UdChile;Quimica;Bernadine@UdChile.cl;2.5;6.2;2.7;5.9
Idette;31;16.002.461-4;Usach;Obras;Idette@Usach.com;1.1;6.1;3.6;5.5
Kip;22;24.641.855-6;Usach;Bachi;Kip@Usach.cl;3.5;5.8;4.3;1.9
Wenona;30;22.855.420-9;UTEM;Bachi;Wenona@UTEM.cl;3.8;4.6;2.2;1.8
Rebbecca;49;17.210.023-6;UCatolica;Quimica;Rebbecca@UCatolica.cl;5.2;1.1;1.2;1.1
Joella;50;18.771.823-4;UCatolica;Informatica;Joella@UCatolica.cl;6.0;2.4;4.0;5.8
Sal;55;12.358.760-1;UCatolica;Electrica;Sal@UCatolica.edu;3.8;2.9;6.5;4.6
Jolyn;24;20.543.635-5;Usach;Electrica;Jolyn@Usach.com;3.0;4.7;1.7;6.8
Filippa;45;18.877.717-K;UCatolica;Obras;Filippa@UCatolica.cl;2.2;5.7;3.9;1.4
Tedda;49;19.410.942-9;UTEM;Obras;Tedda@UTEM.edu;1.6;2.2;2.7;1.6
Tommi;44;21.310.309-5;Usach;Quimica;Tommi@Usach.com;1.8;6.9;4.2;4.4
Bria;45;16.755.263-6;UCatolica;Informatica;Bria@UCatolica.com;3.0;1.3;6.8;5.0
Ardenia;19;22.708.323-8;UTEM;Quimica;Ardenia@UTEM.com;5.7;6.0;5.9;6.9
Florie;47;17.380.755-4;Usach;Electrica;Florie@Usach.cl;2.2;2.9;5.5;1.4
Tessa;52;11.989.547-3;UCatolica;Electrica;Tessa@UCatolica.edu;2.1;4.1;6.8;1.5
Alvina;54;24.575.957-8;Usach;Bachi;Alvina@Usach.com;1.1;4.8;6.8;6.1
Austina;28;14.017.090-1;Usach;Informatica;Austina@Usach.cl;5.9;4.8;1.2;6.9
Andy;54;11.427.586-4;UdChile;Informatica;Andy@UdChile.edu;5.5;4.9;3.4;5.1
Pru;49;25.631.712-0;UdChile;Electrica;Pru@UdChile.edu;5.1;1.7;2.7;4.2
Alyce;17;19.408.726-5;UCatolica;Bachi;Alyce@UCatolica.edu;2.4;1.1;4.6;3.4
Carolynn;29;17.110.376-2;UCatolica;Electrica;Carolynn@UCatolica.com;6.0;3.1;5.1;2.7
Krystal;50;26.924.267-0;UCatolica;Informatica;Krystal@UCatolica.com;4.9;2.9;3.8;1.5
Alice;42;24.430.025-1;UCatolica;Obras;Alice@UCatolica.cl;2.2;5.5;5.6;3.7
Becka;53;25.284.150-5;Usach;Obras;Becka@Usach.com;4.4;3.4;4.9;5.5
Lorrie;25;18.761.316-K;Usach;Electrica;Lorrie@Usach.cl;3.7;6.9;1.4;4.5
Reena;20;11.487.965-1;Usach;Informatica;Reena@Usach.com;6.2;1.1;6.5;2.4
Lilia;48;28.109.703-K;UTEM;Bachi;Lilia@UTEM.edu;1.0;4.2;4.6;1.0
Milena;21;27.346.338-4;Usach;Electrica;Milena@Usach.cl;2.7;6.7;2.4;2.0
Sarita;28;15.368.930-0;UdChile;Quimica;Sarita@UdChile.edu;6.3;2.9;5.0;5.6
Roslyn;31;16.137.288-7;Usach;Bachi;Roslyn@Usach.com;5.1;4.2;1.9;5.1
Harrie;25;24.633.131-0;UCatolica;Electrica;Harrie@UCatolica.edu;6.1;3.7;6.8;6.6
Oneida;26;12.251.512-2;UdChile;Obras;Oneida@UdChile.cl;2.3;4.1;4.6;1.7
Korie;41;17.125.484-3;UTEM;Obras;Korie@UTEM.cl;3.2;2.7;6.0;4.7
Rubina;19;20.386.681-3;UdChile;Quimica;Rubina@UdChile.cl;3.9;3.6;3.0;2.4
Carlynn;53;12.755.911-4;UCatolica;Quimica;Carlynn@UCatolica.cl;5.7;2.5;1.4;1.4
Vanda;32;16.498.966-8;UdChile;Electrica;Vanda@UdChile.edu;5.1;6.8;5.0;6.9
Zondra;39;24.640.812-9;Usach;Electrica;Zondra@Usach.com;2.3;2.9;1.3;3.3
Sande;17;19.622.307-5;UCatolica;Obras;Sande@UCatolica.com;5.4;4.5;2.0;6.1
Zaria;40;10.048.842-4;Usach;Informatica;Zaria@Usach.edu;2.9;4.7;6.4;1.8
Midge;54;20.083.630-K;Usach;Quimica;Midge@Usach.edu;3.4;1.1;6.3;6.5
Sally;32;17.666.880-8;Usach;Bachi;Sally@Usach.com;2.5;2.0;3.1;5.2
Jelene;19;28.080.332-6;UCatolica;Electrica;Jelene@UCatolica.cl;1.7;6.2;4.7;2.5
Yolane;43;25.605.578-6;UdChile;Electrica;Yolane@UdChile.com;5.4;6.1;2.1;3.1
Hendrika;27;19.318.130-6;UCatolica;Informatica;Hendrika@UCatolica.com;5.8;5.1;3.7;5.8
Jewelle;19;13.491.828-8;UdChile;Obras;Jewelle@UdChile.edu;1.5;3.2;6.9;1.0
Auberta;34;23.985.877-1;UCatolica;Bachi;Auberta@UCatolica.cl;3.7;1.7;4.3;5.3
Cleopatra;47;23.344.145-6;UdChile;Quimica;Cleopatra@UdChile.edu;2.8;5.5;2.5;1.5
Brandais;34;15.116.106-7;UCatolica;Electrica;Brandais@UCatolica.com;5.8;6.2;6.4;4.1
Evelyn;30;29.379.005-3;UCatolica;Electrica;Evelyn@UCatolica.cl;4.1;2.4;1.3;6.7
Ferdinande;31;13.778.325-0;Usach;Bachi;Ferdinande@Usach.edu;5.7;5.3;3.0;1.9
Bernadina;45;21.156.417-7;Usach;Bachi;Bernadina@Usach.cl;4.5;2.2;4.5;6.5
Kakalina;52;15.423.838-4;UCatolica;Quimica;Kakalina@UCatolica.edu;5.0;2.8;5.2;1.0
Lianna;20;18.917.549-1;UTEM;Informatica;Lianna@UTEM.cl;3.3;2.4;3.1;1.3
Heath;45;29.021.210-3;UCatolica;Bachi;Heath@UCatolica.edu;4.5;4.1;1.7;5.7
Joli;41;26.595.205-K;UCatolica;Informatica;Joli@UCatolica.edu;2.8;3.6;4.8;2.3
Iormina;43;26.483.926-4;Usach;Obras;Iormina@Usach.com;4.8;5.2;1.8;2.3
Alis;41;10.050.698-K;UTEM;Bachi;Alis@UTEM.cl;2.5;3.9;5.7;6.4
Rhonda;17;27.837.119-0;UdChile;Informatica;Rhonda@UdChile.com;6.0;3.7;5.9;5.9
Meghan;28;15.866.895-0;UCatolica;Electrica;Meghan@UCatolica.com;3.2;5.5;1.8;1.9
Anna;20;11.522.744-0;UdChile;Bachi;Anna@UdChile.cl;3.3;5.9;6.8;1.4
Ardene;22;25.950.469-0;UdChile;Electrica;Ardene@UdChile.com;4.0;6.3;1.8;5.3
Janeczka;36;24.294.403-3;Usach;Informatica;Janeczka@Usach.edu;4.0;1.0;4.3;1.7
Elly;19;18.832.651-3;UTEM;Electrica;Elly@UTEM.com;4.0;1.7;3.6;5.3
Zorana;45;23.819.960-3;Usach;Electrica;Zorana@Usach.com;1.8;2.2;4.3;5.9
Anabella;31;25.931.198-3;UdChile;Electrica;Anabella@UdChile.cl;4.8;3.0;5.8;6.6
Tarra;22;17.783.939-0;UdChile;Electrica;Tarra@UdChile.com;2.9;1.7;2.1;1.2
Danna;27;26.657.601-0;Usach;Bachi;Danna@Usach.edu;5.3;5.4;1.6;3.0
Manda;24;22.048.150-6;Usach;Electrica;Manda@Usach.com;2.9;6.3;4.6;5.0
Jere;22;16.394.290-2;UCatolica;Obras;Jere@UCatolica.cl;6.2;4.6;1.5;1.0
Magdaia;31;21.788.717-8;UCatolica;Obras;Magdaia@UCatolica.edu;1.0;4.3;5.6;4.5
Deina;44;18.221.866-6;UTEM;Electrica;Deina@UTEM.edu;4.4;2.1;6.1;5.3
Alma;50;14.188.638-3;Usach;Obras;Alma@Usach.cl;6.6;1.0;5.7;2.0
Suellen;31;15.063.003-1;UCatolica;Electrica;Suellen@UCatolica.edu;4.6;2.0;4.9;6.7
Nona;30;28.078.100-0;UdChile;Informatica;Nona@UdChile.edu;2.3;6.9;1.6;4.7
Marcille;25;22.112.138-8;UCatolica;Obras;Marcille@UCatolica.cl;6.5;5.1;6.8;2.8
Juanita;54;10.271.122-6;UTEM;Quimica;Juanita@UTEM.edu;5.3;5.8;1.1;2.1
Marj;17;22.940.746-3;UCatolica;Obras;Marj@UCatolica.com;1.2;1.6;3.8;3.0
Valida;32;19.089.925-0;Usach;Informatica;Valida@Usach.edu;5.9;2.3;4.5;4.6
Costanza;17;28.933.242-K;UTEM;Quimica;Costanza@UTEM.edu;5.6;2.8;3.6;4.9
Calley;35;19.796.164-2;UdChile;Quimica;Calley@UdChile.cl;3.9;3.3;2.8;1.7
Jordan;24;16.956.279-1;UCatolica;Electrica;Jordan@UCatolica.edu;3.3;3.0;2.1;1.8
Clarie;30;18.724.298-8;UCatolica;Quimica;Clarie@UCatolica.edu;6.3;2.2;5.3;5.5
Latrena;53;11.424.434-5;UdChile;Electrica;Latrena@UdChile.com;5.0;5.7;3.0;3.4
Inez;24;14.391.301-3;Usach;Quimica;Inez@Usach.cl;3.1;3.8;4.3;2.2
Bette;33;14.284.140-6;UCatolica;Quimica;Bette@UCatolica.cl;3.2;3.3;3.5;1.3
Eden;25;25.184.716-5;UTEM;Obras;Eden@UTEM.cl;2.8;6.9;6.1;3.5
Letizia;23;27.421.295-1;Usach;Bachi;Letizia@Usach.com;6.6;4.5;1.1;4.7
Amalle;54;29.572.496-0;Usach;Bachi;Amalle@Usach.com;6.1;2.0;4.5;3.6
Zandra;17;13.778.571-7;Usach;Obras;Zandra@Usach.edu;4.1;1.4;4.8;6.2
Tarah;36;23.287.283-5;Usach;Informatica;Tarah@Usach.com;6.2;4.4;5.4;6.3
Evanne;30;23.171.091-7;UdChile;Bachi;Evanne@UdChile.com;6.7;4.3;2.3;1.6
Dahlia;43;26.134.880-5;UTEM;Bachi;Dahlia@UTEM.edu;6.6;5.3;5.9;6.0
Dinnie;23;16.776.407-6;UTEM;Quimica;Dinnie@UTEM.cl;2.6;5.5;3.9;4.6
Mareah;24;15.886.944-8;UTEM;Obras;Mareah@UTEM.cl;6.6;2.7;4.1;6.1
Noella;37;18.234.398-8;UdChile;Quimica;Noella@UdChile.edu;3.5;1.1;2.1;5.2
Laurice;43;12.577.299-7;UTEM;Bachi;Laurice@UTEM.com;3.7;3.9;1.7;2.6
Ashlie;45;24.008.262-0;Usach;Bachi;Ashlie@Usach.cl;2.3;4.6;3.1;1.2
Romona;40;14.913.253-2;UTEM;Obras;Romona@UTEM.edu;4.5;4.3;1.9;2.8
Brynn;55;16.649.788-9;Usach;Electrica;Brynn@Usach.edu;3.8;4.1;5.5;1.1
Eleonore;55;21.209.183-9;UCatolica;Obras;Eleonore@UCatolica.cl;5.2;6.0;2.1;5.5
Inessa;37;15.121.152-1;UCatolica;Obras;Inessa@UCatolica.cl;3.3;1.8;5.3;6.3
Willyt;44;18.350.828-9;UCatolica;Bachi;Willyt@UCatolica.com;3.5;1.7;2.1;6.8
Cari;54;13.620.222-3;UTEM;Obras;Cari@UTEM.com;6.9;4.4;3.1;2.2
Katey;47;17.402.078-K;UTEM;Obras;Katey@UTEM.edu;4.4;2.8;6.1;4.8
Karrah;47;15.485.025-9;UTEM;Informatica;Karrah@UTEM.edu;5.0;2.6;1.8;3.6
Clarine;22;16.910.238-7;UTEM;Quimica;Clarine@UTEM.cl;2.7;2.4;5.4;6.8
Christa;21;21.097.479-2;UdChile;Informatica;Christa@UdChile.com;1.3;6.5;1.4;2.8
Betty;30;22.949.596-3;UCatolica;Obras;Betty@UCatolica.edu;2.8;1.0;1.1;6.8
Judy;29;15.285.382-2;UdChile;Bachi;Judy@UdChile.edu;5.7;4.1;3.8;1.5
Suzanne;24;17.486.099-9;UdChile;Quimica;Suzanne@UdChile.com;4.0;6.1;3.9;4.9
Carola;46;22.636.836-0;UdChile;Quimica;Carola@UdChile.edu;4.9;1.9;6.3;2.3
Darline;43;27.882.760-3;UTEM;Informatica;Darline@UTEM.com;3.3;6.9;5.6;6.1
Mair;49;16.078.691-7;UCatolica;Quimica;Mair@UCatolica.edu;3.6;5.8;6.9;1.0
Malia;24;27.973.060-9;UdChile;Quimica;Malia@UdChile.edu;1.5;4.8;3.3;1.3
Jesselyn;34;18.733.444-2;Usach;Electrica;Jesselyn@Usach.com;3.6;3.4;3.3;6.5
Aurea;32;24.208.999-3;UTEM;Obras;Aurea@UTEM.com;3.0;2.0;3.1;5.1
Rona;40;20.768.042-7;Usach;Electrica;Rona@Usach.edu;3.7;2.8;3.3;4.6
Emmalyn;37;27.078.307-6;UdChile;Electrica;Emmalyn@UdChile.com;3.0;6.3;2.1;2.3
Alane;51;28.311.238-7;UTEM;Quimica;Alane@UTEM.edu;1.5;4.3;3.7;3.9
Carlita;43;21.990.596-1;Usach;Informatica;Carlita@Usach.cl;3.0;4.1;6.0;1.7
Melony;36;10.470.680-0;UCatolica;Electrica;Melony@UCatolica.com;3.7;5.1;3.6;1.1
Loralie;47;12.988.644-0;UdChile;Informatica;Loralie@UdChile.edu;6.4;2.1;3.8;2.6
Bobina;36;21.187.838-3;UdChile;Electrica;Bobina@UdChile.edu;2.2;6.6;2.5;6.4
Anderea;36;18.399.922-7;UTEM;Obras;Anderea@UTEM.cl;1.9;1.9;5.9;5.9
Myrna;45;26.616.179-6;Usach;Electrica;Myrna@Usach.com;1.9;2.9;3.1;1.1
Erika;53;23.943.350-9;UTEM;Bachi;Erika@UTEM.cl;1.7;1.6;3.7;2.0
Devi;25;24.805.776-6;UdChile;Electrica;Devi@UdChile.com;5.9;2.0;6.4;5.6
Juditha;51;20.997.468-7;UTEM;Quimica;Juditha@UTEM.com;3.3;6.4;5.3;6.2
Anallise;44;14.973.545-6;UdChile;Quimica;Anallise@UdChile.edu;4.5;5.0;3.9;2.1
Margaret;33;19.854.391-6;UCatolica;Obras;Margaret@UCatolica.com;2.1;4.0;4.1;1.7
Del;47;24.311.343-8;UdChile;Informatica;Del@UdChile.com;1.1;4.5;6.6;5.1
Inge;46;14.011.098-0;UCatolica;Quimica;Inge@UCatolica.edu;1.9;2.3;4.1;2.6
Odilia;48;27.702.899-3;Usach;Electrica;Odilia@Usach.cl;4.3;5.3;5.4;4.0
Christabella;29;19.454.345-9;UdChile;Electrica;Christabella@UdChile.edu;4.4;5.3;5.1;3.9
Pia;40;16.482.370-3;Usach;Obras;Pia@Usach.cl;4.4;3.6;3.5;2.8
Jojo;31;14.539.295-6;Usach;Quimica;Jojo@Usach.edu;1.5;1.6;5.9;5.8
Susan;51;14.569.294-9;UdChile;Informatica;Susan@UdChile.edu;6.2;1.6;5.0;1.1
Agnese;47;26.206.437-4;UCatolica;Electrica;Agnese@UCatolica.com;6.1;6.6;3.2;2.2
Daniele;53;23.610.451-5;UCatolica;Electrica;Daniele@UCatolica.cl;5.7;2.0;4.8;2.4
Ora;32;20.892.165-2;UTEM;Informatica;Ora@UTEM.edu;2.0;5.8;5.8;3.5
Kizzee;33;22.398.602-1;UdChile;Informatica;Kizzee@UdChile.com;3.5;4.0;2.0;2.4
Alyssa;19;24.088.960-9;UdChile;Electrica;Alyssa@UdChile.edu;4.6;6.5;4.6;3.7
Marion;50;15.887.884-7;Usach;Obras;Marion@Usach.com;5.4;1.6;5.3;4.5
Arly;43;20.758.392-8;Usach;Obras;Arly@Usach.edu;5.2;2.2;6.4;2.5
Jena;41;27.289.830-0;Usach;Quimica;Jena@Usach.edu;5.3;3.7;4.2;5.5
Gracia;22;26.380.021-8;UTEM;Quimica;Gracia@UTEM.com;2.7;1.3;2.1;4.4
Monique;38;27.977.514-3;UCatolica;Bachi;Monique@UCatolica.cl;6.2;5.5;3.9;2.5
Eirena;18;27.033.723-3;Usach;Bachi;Eirena@Usach.cl;3.1;1.8;2.7;5.1
Bonni;50;19.916.267-2;UdChile;Obras;Bonni@UdChile.cl;6.1;2.9;6.2;3.0
Glenn;22;10.367.507-1;UTEM;Quimica;Glenn@UTEM.edu;1.6;3.8;1.6;3.8
Gabbi;39;24.600.169-K;UTEM;Bachi;Gabbi@UTEM.edu;5.6;4.1;6.7;5.6
Keely;27;16.972.865-9;Usach;Quimica;Keely@Usach.com;2.0;2.9;4.2;6.6
Rosy;26;23.295.238-8;UCatolica;Electrica;Rosy@UCatolica.cl;2.3;2.8;1.1;5.4
Lucille;30;16.374.729-8;Usach;Bachi;Lucille@Usach.edu;5.2;3.2;4.5;5.1
Ardelia;38;22.653.255-0;UTEM;Informatica;Ardelia@UTEM.cl;6.6;1.2;4.2;3.4
Meara;32;22.450.039-2;Usach;Quimica;Meara@Usach.cl;5.7;4.9;1.1;1.9
Cortney;40;28.058.648-5;Usach;Quimica;Cortney@Usach.edu;3.8;6.2;6.9;6.2
Laurella;36;17.027.197-6;UCatolica;Bachi;Laurella@UCatolica.cl;5.8;3.2;6.2;3.0
Martguerita;22;26.193.504-8;UCatolica;Quimica;Martguerita@UCatolica.edu;1.6;6.4;5.1;3.2
Olympia;34;14.017.297-0;UTEM;Quimica;Olympia@UTEM.edu;4.3;3.7;1.4;6.8
Holly;43;19.261.082-5;UTEM;Quimica;Holly@UTEM.edu;2.0;2.8;3.2;2.7
Chloris;19;13.449.915-9;UTEM;Quimica;Chloris@UTEM.cl;2.4;2.1;3.5;1.1
Mina;31;26.343.127-7;UTEM;Quimica;Mina@UTEM.cl;2.7;5.2;4.3;5.3
Vita;31;26.158.197-4;UCatolica;Informatica;Vita@UCatolica.com;6.0;4.9;5.8;5.0
Tabbitha;17;24.417.221-9;UTEM;Informatica;Tabbitha@UTEM.com;1.4;1.8;4.3;2.2
Jacynth;37;23.945.155-2;Usach;Informatica;Jacynth@Usach.com;2.4;3.0;5.4;5.1
Maryann;52;26.665.440-3;UdChile;Quimica;Maryann@UdChile.edu;2.1;6.9;3.0;2.1
Carlie;40;24.055.577-2;UCatolica;Obras;Carlie@UCatolica.edu;4.3;4.8;1.0;5.1
Cathee;36;13.941.215-6;UCatolica;Electrica;Cathee@UCatolica.cl;5.6;6.6;2.5;4.9
Bidget;21;20.631.705-6;UTEM;Electrica;Bidget@UTEM.cl;4.1;1.2;4.7;6.5
Hilary;18;10.928.598-8;UTEM;Bachi;Hilary@UTEM.edu;5.0;2.2;3.7;4.4
Adore;23;13.868.850-9;UTEM;Electrica;Adore@UTEM.edu;5.9;3.4;2.1;6.2
Alysa;44;20.867.600-0;UTEM;Electrica;Alysa@UTEM.edu;2.1;5.3;1.7;2.3
Lethia;29;27.679.874-8;UTEM;Informatica;Lethia@UTEM.cl;5.1;6.9;4.2;1.0
Lorilee;22;23.592.106-3;Usach;Electrica;Lorilee@Usach.edu;3.5;4.5;5.8;2.6
Mariana;32;28.158.121-4;UTEM;Electrica;Mariana@UTEM.com;2.5;2.9;6.1;6.8
Willie;29;20.551.923-3;UTEM;Electrica;Willie@UTEM.cl;1.2;1.3;1.5;3.8
Damaris;43;14.757.836-5;UTEM;Electrica;Damaris@UTEM.com;1.0;6.2;1.9;4.9
Marga;44;26.319.888-6;UCatolica;Electrica;Marga@UCatolica.cl;3.3;5.8;3.0;6.5
Elsbeth;50;12.278.155-2;UCatolica;Bachi;Elsbeth@UCatolica.com;3.3;1.2;3.9;3.2
Veriee;25;15.503.141-9;UTEM;Obras;Veriee@UTEM.com;3.9;5.5;3.6;1.7
Rianon;42;29.729.309-8;UdChile;Informatica;Rianon@UdChile.edu;4.0;5.5;1.1;6.1
Camel;53;21.969.863-4;Usach;Quimica;Camel@Usach.edu;2.7;5.0;3.1;4.4
Cherlyn;26;18.782.422-8;UCatolica;Quimica;Cherlyn@UCatolica.edu;6.0;3.1;6.1;1.1
Tiffanie;43;24.136.246-5;Usach;Bachi;Tiffanie@Usach.cl;6.9;6.7;6.4;1.3
Olga;26;26.103.900-K;UdChile;Obras;Olga@UdChile.com;5.0;5.4;5.0;4.0
Davida;30;10.692.934-K;UdChile;Electrica;Davida@UdChile.com;5.4;2.3;6.1;4.5
Joleen;31;21.980.946-1;UTEM;Electrica;Joleen@UTEM.edu;5.4;6.8;4.1;3.6
Morgan;34;27.903.048-K;UdChile;Quimica;Morgan@UdChile.cl;2.2;4.4;4.9;1.7
Ursa;54;17.090.629-2;UdChile;Electrica;Ursa@UdChile.edu;4.6;4.2;2.0;1.5
Fernandina;43;21.571.243-6;UCatolica;Bachi;Fernandina@UCatolica.cl;5.4;6.5;1.6;6.3
Luella;50;23.847.038-5;UTEM;Quimica;Luella@UTEM.com;5.9;3.6;4.2;5.0
Marina;24;12.241.444-9;UdChile;Bachi;Marina@UdChile.cl;4.3;6.0;5.1;5.9
Melly;22;21.252.312-4;UdChile;Bachi;Melly@UdChile.com;5.1;1.9;5.1;5.5
Bianca;49;15.939.671-2;UdChile;Quimica;Bianca@UdChile.edu;1.4;4.0;3.8;2.2
Neysa;52;20.803.156-3;UdChile;Quimica;Neysa@UdChile.com;4.0;4.0;6.8;1.6
Gina;48;11.784.133-2;UdChile;Electrica;Gina@UdChile.edu;1.4;5.2;6.0;1.0
Wynnie;52;12.551.724-4;UTEM;Obras;Wynnie@UTEM.com;5.3;3.2;1.1;2.7
Morissa;30;27.242.843-5;UTEM;Bachi;Morissa@UTEM.cl;1.3;5.2;2.9;3.2
Lara;20;13.204.013-K;UTEM;Obras;Lara@UTEM.cl;5.2;6.2;3.1;2.8
Shanta;39;26.446.510-4;UTEM;Informatica;Shanta@UTEM.cl;3.1;6.6;1.3;6.6
Dael;47;26.394.583-3;UCatolica;Electrica;Dael@UCatolica.edu;4.5;6.7;4.2;1.8
Alana;29;26.600.918-7;UCatolica;Electrica;Alana@UCatolica.cl;5.4;4.8;4.1;3.3
Auroora;55;20.641.845-6;Usach;Quimica;Auroora@Usach.cl;6.2;4.2;2.8;6.9
Babara;37;24.090.330-5;Usach;Obras;Babara@Usach.com;4.0;5.3;4.3;5.7
Gertrude;23;10.338.078-K;UCatolica;Bachi;Gertrude@UCatolica.edu;2.1;6.7;3.2;3.3
TEirtza;35;22.306.036-8;Usach;Informatica;TEirtza@Usach.edu;1.2;3.6;5.4;1.2
Aggi;30;22.598.039-3;UTEM;Electrica;Aggi@UTEM.com;6.7;1.1;1.4;6.8
Yoshiko;44;17.794.762-0;Usach;Obras;Yoshiko@Usach.edu;5.5;1.3;6.9;1.5
Julina;20;10.891.051-2;UCatolica;Quimica;Julina@UCatolica.com;6.4;3.1;4.9;1.2
Callida;33;19.851.932-1;UTEM;Electrica;Callida@UTEM.cl;5.6;2.6;2.8;5.1
Joela;29;24.407.378-0;UCatolica;Obras;Joela@UCatolica.com;4.3;4.2;6.6;6.3
Fannie;34;23.421.006-0;UdChile;Informatica;Fannie@UdChile.cl;4.5;3.6;5.8;4.3
Kristin;32;22.042.302-8;UTEM;Quimica;Kristin@UTEM.com;2.0;6.3;4.6;2.4
Briney;24;24.178.406-9;UTEM;Bachi;Briney@UTEM.edu;4.4;2.9;3.2;4.4
Laurel;49;10.072.793-K;UTEM;Obras;Laurel@UTEM.com;3.4;3.7;1.4;5.9
Lenna;23;22.177.908-0;UCatolica;Obras;Lenna@UCatolica.com;2.1;3.1;5.7;2.8
Clio;37;21.535.539-5;Usach;Obras;Clio@Usach.com;4.5;1.5;3.1;6.2
Celie;36;23.092.140-7;UTEM;Electrica;Celie@UTEM.edu;6.7;4.3;5.4;5.6
Cathrin;55;20.771.910-8;Usach;Bachi;Cathrin@Usach.edu;2.8;4.8;3.5;3.6
Leshia;51;11.875.433-1;UdChile;Bachi;Leshia@UdChile.edu;5.3;5.4;4.6;5.4
Fay;18;27.150.756-0;Usach;Quimica;Fay@Usach.com;4.1;1.0;3.1;3.1
Wylma;53;17.189.700-8;UTEM;Electrica;Wylma@UTEM.com;1.3;2.2;1.4;2.6
Alli;44;17.645.850-5;UCatolica;Quimica;Alli@UCatolica.com;5.1;5.9;2.3;3.4
Natala;20;12.631.273-1;UTEM;Informatica;Natala@UTEM.com;1.8;4.7;4.8;1.2
Ellette;40;18.168.689-8;UTEM;Informatica;Ellette@UTEM.com;4.6;5.1;5.3;2.1
Sibelle;52;17.776.734-4;Usach;Electrica;Sibelle@Usach.com;2.1;3.7;4.4;6.2
Nance;48;28.031.875-6;Usach;Bachi;Nance@Usach.com;4.5;2.0;6.8;5.3
Berna;44;22.195.594-9;UCatolica;Obras;Berna@UCatolica.cl;1.1;5.9;1.6;6.5
Shina;21;23.035.068-4;UTEM;Obras;Shina@UTEM.cl;5.6;3.6;6.6;5.8
Nicole;44;28.094.275-5;UTEM;Bachi;Nicole@UTEM.edu;4.5;1.8;6.8;3.5
Aimee;33;20.120.216-9;UCatolica;Informatica;Aimee@UCatolica.com;1.4;3.4;6.9;5.7
Verla;34;23.898.914-2;UdChile;Bachi;Verla@UdChile.cl;1.1;3.2;4.1;5.6
Kylila;31;15.804.857-8;UCatolica;Informatica;Kylila@UCatolica.cl;2.2;1.4;2.6;1.3
Noellyn;26;21.850.403-5;UTEM;Obras;Noellyn@UTEM.cl;1.1;5.7;3.1;5.9
Pauline;42;24.744.684-4;UdChile;Bachi;Pauline@UdChile.edu;1.0;1.8;5.9;1.3
Ronny;50;19.515.707-4;UdChile;Electrica;Ronny@UdChile.com;3.2;4.8;2.8;6.3
Adel;21;19.448.289-3;UCatolica;Informatica;Adel@UCatolica.cl;3.4;3.9;6.6;1.2
Ottilie;22;29.629.974-1;UTEM;Electrica;Ottilie@UTEM.com;2.2;3.9;4.1;4.7
Kylie;52;29.603.921-7;UCatolica;Obras;Kylie@UCatolica.cl;6.1;5.7;4.9;3.6
Denni;20;10.424.534-9;UCatolica;Quimica;Denni@UCatolica.edu;6.4;5.0;6.9;6.1
Terese;36;11.901.606-1;Usach;Bachi;Terese@Usach.edu;4.9;4.7;2.7;6.5
Nanni;20;14.333.550-K;UTEM;Bachi;Nanni@UTEM.com;6.6;4.6;1.8;6.6
Ingeborg;19;19.509.401-0;UTEM;Electrica;Ingeborg@UTEM.edu;4.9;1.6;1.0;4.4
Starlene;40;16.570.437-7;UTEM;Obras;Starlene@UTEM.edu;3.1;6.9;5.8;3.4
Ros;39;14.086.414-K;Usach;Electrica;Ros@Usach.com;4.8;4.7;2.2;2.2
Hortensia;25;16.541.764-2;Usach;Quimica;Hortensia@Usach.com;3.0;5.3;5.1;6.8
Hesther;33;20.011.837-5;UdChile;Electrica;Hesther@UdChile.edu;2.8;1.9;1.6;3.0
Caresa;50;14.879.201-1;UdChile;Obras;Caresa@UdChile.cl;3.5;2.7;3.4;6.3
Joni;49;23.970.699-6;Usach;Bachi;Joni@Usach.edu;3.3;1.5;4.7;3.8
Kiley;33;15.104.372-0;Usach;Bachi;Kiley@Usach.cl;5.1;4.7;3.2;3.7
Delcina;45;22.529.464-7;UTEM;Quimica;Delcina@UTEM.edu;2.9;1.2;2.2;5.4
Augustina;33;26.424.233-9;UTEM;Obras;Augustina@UTEM.edu;3.5;6.2;6.9;2.1
Neille;54;27.883.472-9;Usach;Bachi;Neille@Usach.cl;2.6;2.7;4.7;2.0
Annabel;25;19.549.367-6;UCatolica;Bachi;Annabel@UCatolica.cl;4.4;3.3;4.4;2.7
Belia;52;11.119.447-3;UTEM;Electrica;Belia@UTEM.com;6.4;6.2;4.0;6.2
Magdalene;39;16.162.787-8;UdChile;Obras;Magdalene@UdChile.cl;2.9;2.4;4.1;4.6
Salome;54;13.814.523-5;UdChile;Informatica;Salome@UdChile.com;6.6;1.5;6.3;6.4
Di;27;29.251.246-6;UTEM;Quimica;Di@UTEM.cl;1.7;5.8;3.1;2.8
Erminie;25;29.415.887-5;UCatolica;Informatica;Erminie@UCatolica.edu;4.6;5.9;4.1;1.6
Caro;55;14.749.910-0;UTEM;Informatica;Caro@UTEM.edu;4.2;3.0;4.6;3.9
Delores;47;26.618.069-0;UdChile;Obras;Delores@UdChile.edu;6.4;1.4;5.2;5.1
Zara;21;27.274.134-3;UdChile;Quimica;Zara@UdChile.cl;2.1;5.5;5.7;2.8
Viviene;51;19.911.182-5;UCatolica;Obras;Viviene@UCatolica.edu;4.4;6.0;1.0;2.1
Kordula;40;26.098.825-2;UdChile;Informatica;Kordula@UdChile.cl;6.5;4.6;1.3;3.1
Anselma;26;23.503.951-K;UdChile;Electrica;Anselma@UdChile.cl;4.3;1.5;2.1;6.7
Malinda;36;11.696.853-3;UCatolica;Bachi;Malinda@UCatolica.cl;4.6;3.9;6.5;3.5
Joane;37;20.885.730-2;UTEM;Bachi;Joane@UTEM.cl;4.3;3.6;3.8;1.3
Donna;22;29.028.354-6;UTEM;Informatica;Donna@UTEM.cl;6.7;1.1;4.0;6.1
Dagmar;37;14.912.041-1;UTEM;Electrica;Dagmar@UTEM.com;6.4;5.7;3.9;4.5
Debera;41;14.297.896-0;UCatolica;Bachi;Debera@UCatolica.com;1.9;6.9;1.0;2.9
Harmonia;54;28.147.969-6;UdChile;Informatica;Harmonia@UdChile.edu;5.3;3.3;5.5;2.2
Brandi;24;18.821.345-8;UCatolica;Informatica;Brandi@UCatolica.com;2.9;1.6;2.3;5.8
Mame;32;17.542.849-5;UTEM;Electrica;Mame@UTEM.cl;5.2;2.4;3.8;5.4
Jacquenette;44;15.369.475-4;UdChile;Informatica;Jacquenette@UdChile.edu;6.1;5.4;2.7;3.2
Louisette;39;25.827.059-4;UdChile;Obras;Louisette@UdChile.edu;4.5;1.5;3.0;1.7
Karilynn;27;19.743.570-0;UTEM;Electrica;Karilynn@UTEM.cl;5.7;1.3;1.6;2.9
Christin;47;11.383.486-1;UdChile;Informatica;Christin@UdChile.edu;5.6;5.5;5.2;2.5
Lucina;45;24.606.608-3;UCatolica;Bachi;Lucina@UCatolica.cl;3.1;5.5;3.4;5.7
Karole;30;29.343.540-7;Usach;Informatica;Karole@Usach.cl;5.1;4.0;2.6;3.1
Aurel;51;23.351.432-1;UdChile;Bachi;Aurel@UdChile.edu;6.8;5.8;1.4;3.5
Shelagh;41;20.611.501-3;UTEM;Quimica;Shelagh@UTEM.cl;2.2;2.9;6.6;4.1
Vicky;23;17.951.972-4;UTEM;Bachi;Vicky@UTEM.com;3.0;6.9;5.5;5.6
Aloise;43;17.380.549-6;UdChile;Quimica;Aloise@UdChile.com;6.5;2.6;4.9;1.7
Evangelin;37;22.538.340-6;UdChile;Informatica;Evangelin@UdChile.edu;4.5;4.9;4.2;5.5
Pauli;18;12.169.195-0;UCatolica;Informatica;Pauli@UCatolica.edu;4.7;1.8;2.2;4.6
Zora;34;21.916.325-0;UCatolica;Obras;Zora@UCatolica.cl;1.9;5.5;3.7;3.6
Zelda;19;27.066.021-6;UdChile;Informatica;Zelda@UdChile.com;5.1;4.4;1.1;3.8
Olimpia;45;20.318.908-7;Usach;Bachi;Olimpia@Usach.cl;3.5;6.0;1.1;3.5
Cathyleen;20;28.777.981-7;UdChile;Bachi;Cathyleen@UdChile.edu;6.9;3.6;5.2;2.5
Hailee;24;12.081.824-0;UdChile;Informatica;Hailee@UdChile.cl;1.2;4.7;6.8;2.9
Avivah;17;12.028.619-0;UdChile;Informatica;Avivah@UdChile.edu;5.3;5.4;3.8;5.0
Betti;52;23.970.692-8;UCatolica;Electrica;Betti@UCatolica.edu;6.7;1.6;1.2;5.7
Fedora;35;28.345.428-3;UdChile;Bachi;Fedora@UdChile.cl;1.8;4.1;2.0;5.1
Cody;41;16.105.347-7;UTEM;Electrica;Cody@UTEM.cl;3.6;2.8;3.2;6.0
Carmella;47;22.533.565-4;UdChile;Quimica;Carmella@UdChile.com;4.6;5.4;3.4;5.0
Valentina;23;22.754.497-1;UdChile;Bachi;Valentina@UdChile.cl;1.2;4.1;2.5;2.1
Irina;28;18.887.937-9;Usach;Electrica;Irina@Usach.cl;4.4;6.4;2.3;4.0
Darcy;19;22.661.872-5;UdChile;Informatica;Darcy@UdChile.cl;1.7;5.3;5.3;2.5
Feodora;29;13.747.878-4;Usach;Quimica;Feodora@Usach.edu;1.8;4.9;1.4;1.1
Claudie;55;19.564.799-2;UdChile;Informatica;Claudie@UdChile.edu;2.1;5.9;4.9;6.2
Zitella;27;15.586.914-2;UTEM;Obras;Zitella@UTEM.edu;6.3;1.1;2.7;1.0
Estrella;31;18.697.059-K;Usach;Quimica;Estrella@Usach.cl;3.1;5.2;6.3;6.4
Ella;19;15.359.150-6;UCatolica;Quimica;Ella@UCatolica.com;6.1;2.2;2.9;3.0
Brittni;54;10.300.000-1;UCatolica;Obras;Brittni@UCatolica.cl;2.9;1.4;4.1;2.3
Marijo;30;13.953.045-K;UTEM;Obras;Marijo@UTEM.cl;5.7;3.5;6.4;3.8
Binny;26;10.687.363-6;UdChile;Quimica;Binny@UdChile.cl;2.0;2.2;5.9;2.3
Teresa;29;17.160.834-1;Usach;Electrica;Teresa@Usach.com;1.7;4.3;6.8;6.5
Philippine;31;14.956.450-0;UCatolica;Informatica;Philippine@UCatolica.com;6.8;2.3;5.2;4.0
Carroll;54;25.119.630-8;UdChile;Electrica;Carroll@UdChile.cl;5.3;3.2;4.2;3.1
Karee;27;13.128.056-K;UTEM;Informatica;Karee@UTEM.com;1.3;3.4;3.6;3.4
Phylys;48;10.235.958-K;Usach;Informatica;Phylys@Usach.cl;2.6;2.1;5.1;3.2
Beilul;33;22.987.124-4;UdChile;Obras;Beilul@UdChile.com;3.2;5.3;1.6;1.9
Clary;46;26.025.272-2;Usach;Informatica;Clary@Usach.edu;4.9;6.6;1.8;3.3
Cindee;51;20.007.849-8;UTEM;Electrica;Cindee@UTEM.com;2.7;3.9;5.6;3.5
Tamqrah;52;19.780.111-0;UCatolica;Informatica;Tamqrah@UCatolica.com;3.6;4.3;6.8;3.5
Marybelle;54;24.798.477-8;UdChile;Electrica;Marybelle@UdChile.edu;4.1;1.8;4.2;2.1
Bettye;47;10.639.870-4;UTEM;Quimica;Bettye@UTEM.edu;4.2;4.0;2.0;3.1
Millisent;31;21.018.486-K;UCatolica;Electrica;Millisent@UCatolica.com;4.4;1.2;3.2;1.8
Carmelina;18;26.421.984-K;UCatolica;Quimica;Carmelina@UCatolica.cl;6.0;4.2;2.1;1.3
Olivia;38;11.481.267-5;UTEM;Quimica;Olivia@UTEM.cl;3.3;5.1;5.2;3.8
Elysee;21;28.232.448-K;Usach;Quimica;Elysee@Usach.cl;6.2;4.6;2.4;2.7
Lydie;42;16.718.329-7;Usach;Quimica;Lydie@Usach.cl;6.8;4.8;6.3;5.2
Arlina;48;28.995.806-6;UTEM;Electrica;Arlina@UTEM.cl;4.9;4.9;4.6;5.0
Adelle;27;24.742.147-7;UdChile;Quimica;Adelle@UdChile.com;5.5;3.6;4.7;3.2
Guillema;17;21.333.728-7;UCatolica;Quimica;Guillema@UCatolica.edu;4.5;5.5;2.4;2.4
Prudence;25;22.274.997-6;UdChile;Obras;Prudence@UdChile.cl;4.5;1.2;2.8;5.8
Agace;52;11.712.596-2;UCatolica;Electrica;Agace@UCatolica.edu;5.9;2.9;6.9;3.1
Virginia;48;11.867.478-9;Usach;Informatica;Virginia@Usach.cl;6.1;1.1;4.6;4.7
Reine;23;14.655.762-8;UTEM;Bachi;Reine@UTEM.cl;1.8;2.8;4.4;6.4
Margaretha;27;13.034.267-K;UTEM;Quimica;Margaretha@UTEM.cl;5.1;2.7;4.2;3.8
Jolie;46;13.624.041-9;UTEM;Obras;Jolie@UTEM.cl;1.1;6.3;5.9;5.2
Florentia;40;18.145.483-9;Usach;Electrica;Florentia@Usach.com;2.7;2.6;4.2;1.1
Robbin;18;29.936.013-K;Usach;Informatica;Robbin@Usach.com;2.3;5.4;2.4;6.1
Mallorie;21;23.541.136-5;UTEM;Bachi;Mallorie@UTEM.cl;6.0;5.8;4.0;2.0
Kirsten;30;18.450.004-0;UTEM;Quimica;Kirsten@UTEM.cl;1.9;1.1;1.8;5.0
Corrinne;43;18.126.614-7;UdChile;Electrica;Corrinne@UdChile.com;4.6;2.5;5.5;4.3
Evaleen;51;27.565.917-K;UCatolica;Quimica;Evaleen@UCatolica.com;5.7;4.1;1.8;6.3
Renie;50;20.278.709-7;Usach;Obras;Renie@Usach.cl;3.8;1.1;5.3;2.6
Margeaux;43;16.586.285-4;Usach;Obras;Margeaux@Usach.edu;1.3;4.0;2.8;5.0
Hilliary;29;22.717.825-7;UCatolica;Electrica;Hilliary@UCatolica.cl;2.1;6.7;5.5;6.1
Gillan;50;28.648.155-2;UTEM;Electrica;Gillan@UTEM.cl;5.0;1.3;4.2;4.5
Leta;45;14.885.092-7;Usach;Electrica;Leta@Usach.edu;2.9;6.5;1.1;2.6
Athene;33;25.009.573-3;UCatolica;Quimica;Athene@UCatolica.edu;5.8;1.5;4.7;6.3
Shaine;25;29.213.648-0;UTEM;Informatica;Shaine@UTEM.com;6.1;6.6;1.1;1.6
Anabal;37;11.160.370-K;UdChile;Bachi;Anabal@UdChile.com;4.5;1.1;4.2;6.6
Inesita;47;14.870.416-K;Usach;Electrica;Inesita@Usach.edu;2.9;4.1;4.1;6.8
Thomasina;46;14.248.331-2;Usach;Informatica;Thomasina@Usach.edu;5.7;2.8;4.2;5.2
Yevette;36;11.985.013-5;Usach;Informatica;Yevette@Usach.com;5.3;5.2;2.4;3.9
Eugenia;28;25.997.780-0;Usach;Electrica;Eugenia@Usach.edu;6.3;3.4;5.5;5.2
Kessiah;18;13.840.136-9;UTEM;Bachi;Kessiah@UTEM.com;3.5;6.1;3.0;6.2
Delphine;36;13.736.381-0;UdChile;Obras;Delphine@UdChile.edu;5.0;1.6;2.7;1.1
Sari;52;22.414.174-1;UdChile;Quimica;Sari@UdChile.cl;6.6;3.5;1.7;2.6
Leontyne;51;27.290.332-4;Usach;Electrica;Leontyne@Usach.cl;2.8;5.3;4.5;4.9
Ronnica;23;17.503.543-8;UCatolica;Obras;Ronnica@UCatolica.edu;4.3;3.6;5.7;6.0
Madelina;35;22.958.448-K;UTEM;Obras;Madelina@UTEM.edu;3.2;1.0;6.2;4.9
Nadiya;43;20.779.700-7;Usach;Obras;Nadiya@Usach.edu;3.2;4.8;2.7;4.1
Rivi;52;13.713.429-6;UTEM;Quimica;Rivi@UTEM.cl;3.7;3.6;1.7;6.7
Illa;51;23.447.497-K;Usach;Bachi;Illa@Usach.com;5.9;3.4;3.7;2.7
Oralie;18;15.733.524-9;UdChile;Bachi;Oralie@UdChile.edu;4.0;5.6;6.1;6.6
Coralie;36;20.315.054-8;Usach;Electrica;Coralie@Usach.cl;5.3;3.8;3.3;6.6
Allyce;30;29.547.089-3;UCatolica;Obras;Allyce@UCatolica.cl;1.7;4.5;3.9;2.7
Thea;33;26.531.503-5;Usach;Bachi;Thea@Usach.cl;3.3;3.0;1.9;2.4
Halley;22;17.851.505-9;UTEM;Obras;Halley@UTEM.edu;3.5;5.9;5.7;2.5
Camala;18;12.850.890-7;UCatolica;Obras;Camala@UCatolica.com;1.8;3.2;1.1;3.9
Dulcinea;26;13.408.281-8;UdChile;Informatica;Dulcinea@UdChile.com;4.8;2.3;5.0;1.7
Ibby;25;17.070.768-7;Usach;Informatica;Ibby@Usach.cl;6.9;5.0;2.2;1.5
Paolina;17;29.180.058-9;UdChile;Informatica;Paolina@UdChile.com;1.2;2.9;3.2;3.9
Lolly;38;15.849.771-3;UCatolica;Quimica;Lolly@UCatolica.edu;1.1;6.0;6.8;3.3
Jennie;32;28.701.833-6;UdChile;Quimica;Jennie@UdChile.com;6.2;2.2;1.1;1.6
Joby;18;11.685.562-3;UTEM;Electrica;Joby@UTEM.cl;2.6;4.7;5.7;1.0
Orelle;26;27.263.150-1;UTEM;Informatica;Orelle@UTEM.edu;4.0;2.2;4.0;4.7
Arline;38;18.934.730-9;UTEM;Informatica;Arline@UTEM.edu;1.6;2.7;5.2;3.7
Willi;54;22.287.619-7;UdChile;Informatica;Willi@UdChile.cl;5.1;6.0;1.7;2.4
Addia;41;24.104.081-0;UCatolica;Electrica;Addia@UCatolica.edu;5.2;2.8;6.9;2.7
Kial;41;24.833.641-7;UTEM;Informatica;Kial@UTEM.com;1.5;1.7;6.9;6.8
Germain;48;29.368.646-0;UTEM;Electrica;Germain@UTEM.cl;2.1;4.7;1.6;5.8
Roshelle;33;10.191.894-9;UdChile;Electrica;Roshelle@UdChile.cl;4.0;2.0;4.7;5.0
Nancie;28;24.419.291-K;UdChile;Informatica;Nancie@UdChile.com;3.6;5.7;4.0;3.8
Kaleena;55;20.410.447-1;UTEM;Quimica;Kaleena@UTEM.edu;6.1;6.0;4.5;4.3
Adriaens;42;16.444.412-9;UCatolica;Quimica;Adriaens@UCatolica.com;4.3;3.9;2.1;6.9
Margaux;32;25.347.848-3;UCatolica;Informatica;Margaux@UCatolica.edu;6.5;2.2;1.3;1.1
Sayre;40;17.711.703-4;UCatolica;Quimica;Sayre@UCatolica.cl;3.2;1.4;1.1;4.0
Ofilia;23;22.110.360-9;UCatolica;Obras;Ofilia@UCatolica.cl;3.4;5.1;5.9;2.1
Shirl;25;13.625.869-9;Usach;Obras;Shirl@Usach.cl;5.8;2.2;1.2;1.0
Sibeal;49;21.330.710-0;UTEM;Informatica;Sibeal@UTEM.cl;4.7;5.4;3.7;1.7
Larina;32;26.832.941-3;UCatolica;Obras;Larina@UCatolica.cl;3.8;3.6;2.5;2.6
Ramonda;30;10.814.780-1;UTEM;Obras;Ramonda@UTEM.com;5.3;3.8;3.1;2.1
Yovonnda;42;21.236.947-7;UTEM;Quimica;Yovonnda@UTEM.cl;6.4;4.3;6.0;5.2
Kissie;23;28.240.886-5;Usach;Informatica;Kissie@Usach.cl;1.0;1.2;6.0;4.9
Tandi;31;19.213.505-7;UCatolica;Electrica;Tandi@UCatolica.cl;5.5;2.1;1.6;5.9
Kalie;31;11.563.303-3;UCatolica;Electrica;Kalie@UCatolica.com;6.2;6.9;3.0;6.5
Chastity;47;13.922.108-8;UTEM;Obras;Chastity@UTEM.com;6.7;2.1;1.3;6.6
Ailsun;35;22.480.279-6;UdChile;Obras;Ailsun@UdChile.edu;2.7;1.5;2.5;2.1
Tamiko;28;19.950.937-4;UdChile;Bachi;Tamiko@UdChile.edu;6.0;3.7;4.0;5.0
Wenonah;17;10.947.340-2;Usach;Electrica;Wenonah@Usach.com;6.7;1.9;1.2;3.9
Traci;42;12.763.871-8;UCatolica;Informatica;Traci@UCatolica.edu;4.5;5.4;4.4;4.1
Joly;36;23.336.348-0;UdChile;Bachi;Joly@UdChile.com;2.3;3.0;5.3;3.7
Yetta;48;15.355.871-3;UCatolica;Quimica;Yetta@UCatolica.cl;2.6;2.5;3.9;1.8
Maybelle;42;16.200.027-4;UTEM;Quimica;Maybelle@UTEM.cl;1.0;3.9;5.0;1.6
Zonda;41;16.177.788-7;UTEM;Informatica;Zonda@UTEM.edu;6.6;2.4;5.6;3.5
Bren;32;26.481.292-1;UCatolica;Obras;Bren@UCatolica.com;1.0;5.0;6.4;2.2
Scarlet;19;26.003.592-8;Usach;Bachi;Scarlet@Usach.com;5.6;2.5;6.3;5.9
Silvia;24;28.640.063-0;UdChile;Quimica;Silvia@UdChile.com;4.6;1.4;4.5;5.8
Carilyn;31;20.920.135-6;UTEM;Obras;Carilyn@UTEM.com;3.2;3.9;6.8;2.0
Cassondra;52;26.318.705-1;UTEM;Bachi;Cassondra@UTEM.com;5.1;3.9;5.4;1.8
Brook;39;26.908.347-5;UdChile;Informatica;Brook@UdChile.com;4.0;4.8;5.9;3.9
Alissa;17;17.968.596-3;UdChile;Obras;Alissa@UdChile.com;4.3;4.3;4.9;4.1
Ines;37;25.548.146-4;UTEM;Informatica;Ines@UTEM.com;4.8;3.1;4.4;6.3
Jannelle;49;25.991.846-3;Usach;Obras;Jannelle@Usach.com;1.9;2.3;2.8;5.5
Allissa;48;10.664.033-5;UTEM;Electrica;Allissa@UTEM.com;2.4;4.3;5.2;2.1
Jaquelin;18;22.838.301-3;UdChile;Obras;Jaquelin@UdChile.com;6.5;4.3;4.3;3.4
Lianne;54;12.649.343-7;UdChile;Obras;Lianne@UdChile.edu;5.2;1.8;5.3;3.1
Paloma;34;26.553.892-0;UTEM;Informatica;Paloma@UTEM.cl;1.9;6.6;1.6;1.5
Melisandra;38;20.093.392-2;UCatolica;Informatica;Melisandra@UCatolica.com;1.0;1.7;6.6;6.5
Jacquelynn;28;13.370.589-K;UTEM;Informatica;Jacquelynn@UTEM.edu;5.6;4.4;5.3;4.1
Onida;24;16.439.652-0;UTEM;Electrica;Onida@UTEM.edu;1.6;2.2;6.5;1.2
Saloma;55;28.682.633-9;UTEM;Informatica;Saloma@UTEM.edu;1.7;1.8;4.0;3.9
Constantia;29;15.009.332-7;UTEM;Quimica;Constantia@UTEM.com;5.8;5.2;4.0;2.8
Junina;29;10.306.600-1;UTEM;Obras;Junina@UTEM.edu;3.6;4.9;3.0;1.4
Teri;48;28.136.085-K;UdChile;Bachi;Teri@UdChile.edu;3.2;4.3;5.0;4.4
Charmian;21;28.387.485-2;UCatolica;Electrica;Charmian@UCatolica.cl;6.7;4.1;5.0;1.6
Alisha;32;11.265.383-2;UdChile;Bachi;Alisha@UdChile.cl;2.6;5.2;6.2;6.4
Sherill;27;26.982.756-0;UdChile;Quimica;Sherill@UdChile.cl;4.5;1.6;4.4;4.7
Corella;28;24.641.570-7;UTEM;Informatica;Corella@UTEM.edu;6.4;4.9;3.6;3.3
Desirae;21;17.793.065-K;Usach;Quimica;Desirae@Usach.com;3.4;1.2;5.7;3.3
Sybille;40;24.318.188-8;Usach;Electrica;Sybille@Usach.cl;5.9;1.8;4.7;4.4
Dari;43;10.018.875-0;UCatolica;Bachi;Dari@UCatolica.cl;5.5;5.5;6.1;4.5
Alix;51;14.259.870-5;UCatolica;Informatica;Alix@UCatolica.cl;6.2;1.0;5.7;5.4
Tybie;22;16.074.436-4;Usach;Informatica;Tybie@Usach.com;1.1;6.7;6.1;6.5
Catlin;39;22.236.014-5;UdChile;Obras;Catlin@UdChile.edu;3.7;4.2;2.9;1.5
Latashia;21;25.888.642-1;UTEM;Quimica;Latashia@UTEM.cl;5.6;1.5;5.8;5.7
Lily;17;23.112.824-0;Usach;Quimica;Lily@Usach.com;1.1;5.3;2.9;5.9
Grier;27;20.645.418-2;Usach;Bachi;Grier@Usach.edu;4.5;3.4;6.7;3.6
Mira;40;23.065.208-1;Usach;Informatica;Mira@Usach.edu;6.6;5.1;2.7;1.5
Allsun;25;11.663.732-8;UTEM;Electrica;Allsun@UTEM.com;1.7;3.2;5.1;2.7
Dominique;27;15.674.419-4;UdChile;Electrica;Dominique@UdChile.cl;6.8;6.5;4.1;1.5
Larisa;54;25.239.320-7;UTEM;Electrica;Larisa@UTEM.cl;5.6;5.4;3.9;3.2
Evangelia;20;20.362.671-4;Usach;Obras;Evangelia@Usach.edu;2.5;2.2;2.3;5.3
Susi;29;24.505.294-8;UdChile;Electrica;Susi@UdChile.edu;1.6;1.2;2.6;1.9
Melinda;27;28.122.719-5;UdChile;Obras;Melinda@UdChile.cl;6.7;1.5;4.7;4.5
Effie;49;28.188.640-6;UCatolica;Quimica;Effie@UCatolica.edu;3.1;4.4;1.2;6.6
Cassy;25;11.866.668-0;UCatolica;Informatica;Cassy@UCatolica.com;1.5;2.3;6.3;2.1
Loise;38;29.095.017-0;UCatolica;Obras;Loise@UCatolica.edu;3.1;1.2;3.8;6.4
Jackie;53;21.478.065-6;UTEM;Electrica;Jackie@UTEM.edu;6.4;2.5;6.7;3.2
Elsi;47;13.512.890-2;UTEM;Quimica;Elsi@UTEM.com;3.1;5.5;5.7;5.3
Bess;23;11.260.197-K;Usach;Bachi;Bess@Usach.edu;2.2;3.2;1.0;3.8
Charo;47;22.572.872-6;UdChile;Obras;Charo@UdChile.edu;4.3;5.0;4.9;3.3
Steffane;53;15.032.048-3;UTEM;Obras;Steffane@UTEM.cl;3.6;3.6;5.4;3.6
Charity;27;21.997.117-K;UTEM;Quimica;Charity@UTEM.cl;3.7;3.4;1.0;6.2
Viola;30;12.251.842-8;Usach;Bachi;Viola@Usach.edu;6.7;4.8;5.9;5.5
Ariella;33;27.791.417-5;UTEM;Quimica;Ariella@UTEM.com;2.0;5.5;6.4;4.2
Marris;45;12.572.233-5;UTEM;Quimica;Marris@UTEM.edu;4.3;2.8;3.8;2.8
Agna;35;10.483.876-3;UTEM;Bachi;Agna@UTEM.com;6.8;2.0;4.2;3.9
Frank;39;19.360.964-6;UCatolica;Obras;Frank@UCatolica.cl;2.3;5.3;6.0;1.1
Brittne;51;21.147.529-8;UTEM;Obras;Brittne@UTEM.com;5.3;4.5;5.2;6.3
Nanice;24;10.378.273-0;UCatolica;Informatica;Nanice@UCatolica.cl;1.8;1.6;4.0;5.9
Micky;18;21.209.822-4;Usach;Bachi;Micky@Usach.cl;3.1;3.2;1.8;3.6
Myrtie;37;21.109.576-4;Usach;Informatica;Myrtie@Usach.edu;1.9;3.2;1.4;2.3
Dorrie;24;26.528.872-9;UTEM;Electrica;Dorrie@UTEM.cl;4.4;2.1;5.5;4.5
Caitlin;46;28.539.872-5;UdChile;Informatica;Caitlin@UdChile.cl;5.0;1.0;2.4;5.0
Godiva;27;28.340.910-2;UTEM;Obras;Godiva@UTEM.com;1.4;4.2;2.7;3.8
Chickie;24;19.478.079-1;UdChile;Electrica;Chickie@UdChile.cl;3.2;1.9;1.3;2.9
Shandee;41;26.105.138-6;Usach;Informatica;Shandee@Usach.com;1.0;4.5;6.3;6.6
Morna;49;25.250.101-0;Usach;Obras;Morna@Usach.cl;6.5;6.0;3.5;3.2
Gerti;52;25.589.440-6;UCatolica;Bachi;Gerti@UCatolica.com;1.7;1.4;4.4;5.3
Veronike;39;11.597.426-2;UTEM;Informatica;Veronike@UTEM.edu;5.1;4.8;1.3;6.0
Hyacinth;53;10.236.871-1;UdChile;Bachi;Hyacinth@UdChile.cl;1.2;5.7;1.7;6.5
Tonia;29;21.189.142-3;UdChile;Informatica;Tonia@UdChile.cl;1.3;6.8;4.8;4.3
Lilllie;47;28.651.739-9;UTEM;Quimica;Lilllie@UTEM.edu;1.0;6.8;3.2;1.6
Elinore;49;14.909.504-K;UdChile;Quimica;Elinore@UdChile.cl;6.2;1.8;4.9;1.0
Waneta;33;21.237.992-4;UCatolica;Quimica;Waneta@UCatolica.edu;2.0;4.6;2.0;4.7
Riannon;20;10.000.186-6;UdChile;Quimica;Riannon@UdChile.cl;4.8;3.1;6.5;2.2
Abbi;29;26.296.412-2;UdChile;Electrica;Abbi@UdChile.cl;4.6;2.3;2.9;4.5
Dorice;18;24.380.302-2;UTEM;Obras;Dorice@UTEM.com;3.8;5.5;6.6;6.1
Denna;39;12.979.203-5;UdChile;Obras;Denna@UdChile.edu;2.5;5.1;6.1;2.7
Leeanne;22;17.389.387-4;UCatolica;Bachi;Leeanne@UCatolica.cl;3.7;4.3;3.1;1.3
Dorolisa;42;17.527.509-1;Usach;Obras;Dorolisa@Usach.edu;3.4;6.3;1.5;5.4
Abbie;33;21.610.086-7;UTEM;Bachi;Abbie@UTEM.com;3.9;3.4;3.8;1.6
Fredericka;51;13.020.759-5;Usach;Bachi;Fredericka@Usach.cl;6.0;2.4;6.0;3.6
Theda;22;23.054.367-4;UTEM;Obras;Theda@UTEM.cl;6.6;4.1;2.3;6.8
Deloris;34;24.816.213-4;UTEM;Informatica;Deloris@UTEM.edu;1.6;1.4;2.9;2.7
Cam;38;29.430.997-8;UTEM;Electrica;Cam@UTEM.edu;1.8;5.4;6.0;2.7
Tamra;49;25.391.901-K;UCatolica;Obras;Tamra@UCatolica.cl;3.3;4.1;2.6;6.4
Kanya;45;27.630.248-3;UCatolica;Electrica;Kanya@UCatolica.cl;5.6;1.8;6.6;1.8
Jillene;50;12.661.431-7;UCatolica;Obras;Jillene@UCatolica.edu;4.6;6.1;6.3;1.2
Josephine;35;10.805.588-K;UdChile;Informatica;Josephine@UdChile.edu;1.2;6.9;2.5;5.0
Wendeline;17;18.124.674-9;UdChile;Electrica;Wendeline@UdChile.com;6.8;3.6;6.9;4.2
Gussie;55;28.317.589-4;UTEM;Informatica;Gussie@UTEM.cl;4.6;5.2;6.2;4.2
Jordana;31;19.942.708-2;UTEM;Informatica;Jordana@UTEM.com;1.7;3.3;3.3;4.5
Debby;36;22.776.177-2;UCatolica;Obras;Debby@UCatolica.edu;1.5;4.5;6.1;5.5
Bellanca;33;10.885.059-8;UCatolica;Bachi;Bellanca@UCatolica.com;5.5;5.2;2.1;4.5
Gilberta;30;18.645.654-4;UdChile;Obras;Gilberta@UdChile.edu;1.5;3.8;3.5;2.4
Junie;47;17.239.927-9;UCatolica;Quimica;Junie@UCatolica.cl;4.6;3.6;4.2;5.7
Andi;45;11.040.955-8;UCatolica;Bachi;Andi@UCatolica.cl;6.7;3.7;5.5;2.5
Lisetta;29;29.038.036-3;UTEM;Obras;Lisetta@UTEM.edu;6.9;1.7;5.4;3.9
Leigha;47;22.760.263-5;UTEM;Informatica;Leigha@UTEM.com;1.4;3.5;5.6;5.6
Candis;29;25.832.627-4;UCatolica;Quimica;Candis@UCatolica.com;6.8;5.8;5.6;2.5
Lucila;23;24.842.167-6;Usach;Electrica;Lucila@Usach.com;1.6;5.1;4.6;2.9
Lucine;22;17.371.497-8;UdChile;Quimica;Lucine@UdChile.cl;3.4;1.2;3.9;3.6
Vivien;29;29.747.242-1;UTEM;Obras;Vivien@UTEM.cl;3.6;2.4;3.8;3.7
Saraann;53;19.947.615-5;Usach;Quimica;Saraann@Usach.cl;1.3;1.2;1.0;4.5
Marcia;49;17.806.620-9;UTEM;Bachi;Marcia@UTEM.cl;2.5;4.6;2.3;6.3
Annalise;54;18.026.499-1;UTEM;Obras;Annalise@UTEM.com;6.8;2.9;3.8;2.3
Babette;37;29.473.090-4;UTEM;Quimica;Babette@UTEM.edu;2.9;1.6;5.5;6.5
Kerrin;45;25.159.789-8;UCatolica;Quimica;Kerrin@UCatolica.com;2.4;4.8;6.5;3.9
Sherline;31;22.634.845-3;Usach;Informatica;Sherline@Usach.edu;4.7;5.7;5.8;5.5
Olive;31;17.028.816-6;UCatolica;Bachi;Olive@UCatolica.edu;3.4;3.2;1.5;3.4
Maye;26;24.133.178-3;UCatolica;Informatica;Maye@UCatolica.com;4.7;4.3;1.8;6.1
Nathalie;44;20.978.927-9;UdChile;Electrica;Nathalie@UdChile.edu;3.1;2.7;5.4;1.7
Beatrisa;48;14.268.055-5;UTEM;Obras;Beatrisa@UTEM.cl;2.0;6.7;5.7;6.6
Dulsea;34;17.040.199-4;UdChile;Bachi;Dulsea@UdChile.com;2.8;5.3;5.7;3.3
Brinn;19;27.153.583-0;UCatolica;Informatica;Brinn@UCatolica.edu;1.8;2.9;5.5;3.5
Clemence;23;19.240.691-9;UCatolica;Informatica;Clemence@UCatolica.edu;2.5;5.9;4.3;4.9
Agnes;33;20.454.974-3;Usach;Bachi;Agnes@Usach.cl;3.6;2.0;2.8;4.8
Corinne;21;10.657.661-4;UCatolica;Obras;Corinne@UCatolica.cl;4.2;2.0;1.5;1.7
Ilse;39;12.241.744-K;UTEM;Quimica;Ilse@UTEM.com;1.9;5.6;1.7;5.3
Gwenni;41;26.412.955-4;Usach;Bachi;Gwenni@Usach.com;3.5;1.3;4.2;5.3
Tera;20;10.481.585-7;UCatolica;Electrica;Tera@UCatolica.com;1.6;5.3;4.0;3.0
Bendite;44;22.294.725-K;Usach;Electrica;Bendite@Usach.com;1.4;3.0;3.1;2.9
Caitrin;31;29.706.527-5;UdChile;Obras;Caitrin@UdChile.cl;2.3;4.0;5.6;1.2
Dara;54;19.183.384-6;UTEM;Electrica;Dara@UTEM.cl;1.0;2.0;6.1;4.6
Gwennie;38;11.394.562-0;Usach;Informatica;Gwennie@Usach.cl;1.5;3.9;1.5;5.8
Rozina;49;23.362.623-3;UTEM;Electrica;Rozina@UTEM.cl;3.9;3.3;3.7;1.6
Vanessa;36;13.310.578-6;Usach;Quimica;Vanessa@Usach.cl;4.9;3.8;4.0;5.7
Lesley;55;25.807.009-0;UdChile;Informatica;Lesley@UdChile.com;4.1;3.5;1.1;3.5
Guenna;25;19.210.471-3;UTEM;Obras;Guenna@UTEM.cl;4.6;4.6;1.1;5.5
Mariya;35;24.314.930-5;UCatolica;Quimica;Mariya@UCatolica.com;4.5;6.3;6.4;3.0
Rachel;23;20.416.535-1;UCatolica;Electrica;Rachel@UCatolica.com;6.2;1.8;4.7;4.5
Karisa;31;10.812.728-8;Usach;Obras;Karisa@Usach.edu;1.6;4.6;4.8;2.3
Valeda;19;25.388.210-6;UTEM;Obras;Valeda@UTEM.edu;4.2;1.0;1.6;3.9
Corinna;34;22.193.079-0;UTEM;Informatica;Corinna@UTEM.cl;3.6;5.4;2.0;4.3
Ondrea;23;18.534.215-5;UdChile;Bachi;Ondrea@UdChile.com;4.9;3.0;6.7;5.4
Eunice;49;20.605.275-K;UCatolica;Quimica;Eunice@UCatolica.edu;3.2;3.5;3.1;4.0
Kimmie;33;27.880.407-K;UTEM;Quimica;Kimmie@UTEM.com;3.9;2.8;5.7;1.9
Rhianna;32;19.175.555-4;UdChile;Obras;Rhianna@UdChile.com;6.8;6.9;4.5;6.5
Ardith;50;26.027.082-9;UdChile;Quimica;Ardith@UdChile.edu;5.8;6.9;6.0;3.6
Kelli;18;28.930.487-3;UCatolica;Electrica;Kelli@UCatolica.com;5.6;5.6;4.5;2.9
Angelique;38;13.528.026-8;UdChile;Bachi;Angelique@UdChile.com;4.3;4.0;2.4;5.4
Opal;46;20.312.852-K;UdChile;Quimica;Opal@UdChile.edu;2.5;6.2;2.6;2.8
Nora;38;20.295.178-0;Usach;Quimica;Nora@Usach.edu;6.8;6.7;2.6;6.7
Olivie;32;24.339.749-0;Usach;Informatica;Olivie@Usach.cl;1.1;4.9;5.5;5.8
Maurizia;23;29.458.246-2;Usach;Obras;Maurizia@Usach.edu;6.6;1.8;5.2;1.9
Hildegarde;35;22.120.858-1;UCatolica;Informatica;Hildegarde@UCatolica.cl;6.3;5.3;5.8;5.3
Dayle;46;23.094.055-8;Usach;Electrica;Dayle@Usach.com;6.9;4.3;3.9;6.4
Winifred;34;24.027.359-6;UdChile;Informatica;Winifred@UdChile.com;1.6;2.8;1.4;2.0
Jorey;45;13.683.431-5;UTEM;Informatica;Jorey@UTEM.cl;6.0;4.8;1.7;4.5
Lesya;46;24.524.432-9;UCatolica;Informatica;Lesya@UCatolica.cl;3.9;4.4;6.9;5.3
Astrix;25;24.361.819-9;UCatolica;Obras;Astrix@UCatolica.edu;1.3;6.6;6.7;1.6
Elise;19;12.539.425-9;UdChile;Informatica;Elise@UdChile.edu;5.6;2.6;6.3;1.4
Roxane;31;19.675.984-6;UTEM;Obras;Roxane@UTEM.cl;3.2;2.6;3.2;6.6
Shannen;51;10.676.565-K;UTEM;Bachi;Shannen@UTEM.cl;4.1;1.2;4.9;3.1
Melva;41;29.357.308-4;UCatolica;Electrica;Melva@UCatolica.edu;5.9;5.2;3.3;1.9
Chantal;50;13.310.646-4;Usach;Electrica;Chantal@Usach.com;3.0;3.2;5.8;5.0
Tessie;18;22.383.618-4;Usach;Informatica;Tessie@Usach.com;6.4;5.5;5.9;5.8
Carlina;35;27.923.584-1;Usach;Quimica;Carlina@Usach.cl;1.0;1.8;3.6;3.4
Heida;19;17.511.285-9;UCatolica;Informatica;Heida@UCatolica.com;6.7;4.5;2.3;1.4
Karylin;45;19.197.343-0;UTEM;Obras;Karylin@UTEM.com;4.9;1.4;2.7;2.5
Pauly;47;10.209.716-9;UTEM;Obras;Pauly@UTEM.cl;4.2;2.2;4.8;5.2
Monah;20;22.917.574-1;UCatolica;Bachi;Monah@UCatolica.com;4.1;6.4;2.1;6.6
Gwenny;19;25.327.110-K;UTEM;Quimica;Gwenny@UTEM.com;1.4;6.6;5.0;6.4
Verna;24;26.978.911-9;UdChile;Quimica;Verna@UdChile.edu;4.2;6.1;3.1;1.6
Loralyn;30;13.245.659-6;UCatolica;Bachi;Loralyn@UCatolica.cl;1.4;6.4;6.8;3.5
Lynette;22;24.713.598-8;UCatolica;Electrica;Lynette@UCatolica.cl;1.8;6.8;5.9;2.2
Thomasin;20;14.294.786-3;Usach;Electrica;Thomasin@Usach.edu;2.5;6.1;6.5;1.7
Chryste;36;26.767.810-5;UTEM;Electrica;Chryste@UTEM.com;1.7;6.6;3.1;5.1
Dosi;48;27.296.331-0;UCatolica;Quimica;Dosi@UCatolica.com;1.2;6.8;3.9;1.6
Lana;53;17.444.821-5;UCatolica;Electrica;Lana@UCatolica.edu;4.7;5.8;3.6;4.6
Glynnis;22;26.264.755-1;UTEM;Bachi;Glynnis@UTEM.com;2.9;5.7;5.7;3.0
Raine;45;21.152.654-0;UCatolica;Obras;Raine@UCatolica.com;4.3;2.8;6.8;3.1
Renell;42;15.606.606-4;UTEM;Bachi;Renell@UTEM.com;5.2;2.1;1.6;6.1
Wandis;47;12.446.435-4;UTEM;Electrica;Wandis@UTEM.com;1.4;2.1;5.6;6.8
Lucinda;33;10.141.245-4;UdChile;Electrica;Lucinda@UdChile.com;6.8;5.1;6.5;2.8
Nonah;19;18.990.844-8;Usach;Bachi;Nonah@Usach.cl;2.7;5.4;6.7;6.1
Shelbi;44;13.060.918-1;UdChile;Quimica;Shelbi@UdChile.cl;6.5;4.1;1.2;1.5
Ema;26;23.412.642-1;Usach;Informatica;Ema@Usach.cl;4.8;6.8;6.0;2.0
Shelba;40;25.015.349-6;UdChile;Bachi;Shelba@UdChile.cl;6.3;4.8;2.6;5.6
Adriana;49;29.532.217-6;UTEM;Electrica;Adriana@UTEM.com;1.6;5.1;2.1;1.9
Melloney;38;14.682.654-4;UdChile;Informatica;Melloney@UdChile.com;2.5;4.6;4.3;2.1
Starlin;29;23.531.891-8;UCatolica;Obras;Starlin@UCatolica.cl;1.0;3.7;2.5;4.7
Rhiamon;43;15.297.802-6;UTEM;Bachi;Rhiamon@UTEM.cl;5.7;3.4;5.1;4.7
Melody;25;13.024.398-K;UTEM;Informatica;Melody@UTEM.edu;1.2;4.4;5.7;5.5
Kriste;38;26.996.237-K;UCatolica;Quimica;Kriste@UCatolica.cl;1.5;5.3;5.8;5.7
Blancha;31;21.404.073-2;UCatolica;Quimica;Blancha@UCatolica.com;1.9;2.1;3.5;3.5
Cherye;26;20.709.926-9;UdChile;Electrica;Cherye@UdChile.cl;3.3;3.0;6.8;6.9
Kai;54;18.627.076-6;UdChile;Bachi;Kai@UdChile.cl;6.3;6.4;4.5;4.1
Ree;39;15.705.515-7;UCatolica;Informatica;Ree@UCatolica.edu;6.1;6.1;6.5;4.5
Deloria;18;26.248.763-9;UTEM;Informatica;Deloria@UTEM.edu;2.9;4.6;1.2;1.3
Peri;27;13.349.353-K;UdChile;Quimica;Peri@UdChile.com;1.2;2.4;3.7;6.3
Rici;28;24.452.541-5;UCatolica;Bachi;Rici@UCatolica.cl;6.4;3.2;2.6;6.5
Francine;30;16.812.644-6;UdChile;Obras;Francine@UdChile.com;1.4;4.2;4.8;4.8
Helene;55;21.512.149-8;UCatolica;Electrica;Helene@UCatolica.cl;1.0;3.4;1.4;6.8
Bethanne;23;19.227.212-4;UCatolica;Obras;Bethanne@UCatolica.cl;1.4;3.2;3.6;4.5
Martica;35;14.423.175-1;UTEM;Electrica;Martica@UTEM.com;3.9;3.9;1.7;2.8
Tallulah;54;16.683.452-K;UTEM;Quimica;Tallulah@UTEM.cl;4.1;1.0;3.0;5.3
Marci;43;20.898.956-4;UTEM;Quimica;Marci@UTEM.edu;3.0;1.6;4.8;2.1
Kendre;31;28.700.252-3;UdChile;Informatica;Kendre@UdChile.com;4.5;1.7;3.9;2.9
Jacintha;48;20.492.687-0;UCatolica;Bachi;Jacintha@UCatolica.edu;4.1;3.4;6.3;4.1
Beatrix;43;21.722.337-8;UTEM;Bachi;Beatrix@UTEM.com;5.9;1.9;6.8;4.1
Cherise;39;26.065.775-8;UCatolica;Obras;Cherise@UCatolica.edu;1.3;1.4;2.6;1.5
Charyl;25;17.152.857-5;Usach;Informatica;Charyl@Usach.com;6.4;4.7;3.4;1.2
Karine;18;22.659.951-4;Usach;Quimica;Karine@Usach.com;1.4;4.2;2.7;4.6
Karlen;25;25.422.888-2;UCatolica;Quimica;Karlen@UCatolica.com;2.2;2.3;3.3;4.6
Cynde;45;18.972.511-6;UCatolica;Bachi;Cynde@UCatolica.edu;4.0;4.0;1.5;2.1
Trina;40;20.664.560-3;UCatolica;Quimica;Trina@UCatolica.cl;6.3;5.8;5.2;2.0
Thomasa;31;15.791.780-5;UCatolica;Obras;Thomasa@UCatolica.edu;4.5;2.5;3.8;6.4
Dacie;39;27.518.925-2;UCatolica;Informatica;Dacie@UCatolica.com;2.5;1.1;3.0;2.0
Queenie;54;10.865.840-6;Usach;Quimica;Queenie@Usach.edu;4.8;5.3;5.0;6.6
Agnesse;47;25.084.966-1;Usach;Bachi;Agnesse@Usach.com;2.2;5.7;1.2;5.9
Karly;34;28.624.741-9;UCatolica;Bachi;Karly@UCatolica.edu;5.6;6.4;1.6;6.1
Bryana;45;19.419.877-1;UTEM;Bachi;Bryana@UTEM.com;3.8;6.9;5.5;5.3
Darsey;53;22.635.625-1;UTEM;Informatica;Darsey@UTEM.cl;6.8;1.9;4.0;2.2
Alyda;53;16.938.986-5;UCatolica;Bachi;Alyda@UCatolica.edu;5.2;2.4;2.8;2.0
Breanne;30;27.942.721-5;UdChile;Quimica;Breanne@UdChile.com;4.9;1.7;2.4;1.5
Davita;27;20.211.189-9;UCatolica;Quimica;Davita@UCatolica.cl;5.2;2.1;2.4;1.3
Bibbye;50;17.364.933-9;UdChile;Electrica;Bibbye@UdChile.edu;3.0;1.3;5.8;4.3
Lorrin;26;22.600.584-4;Usach;Informatica;Lorrin@Usach.edu;4.9;1.0;4.1;1.5
Corabel;30;21.160.220-0;UCatolica;Informatica;Corabel@UCatolica.cl;2.1;4.2;5.6;2.7
Lotte;46;12.484.585-1;Usach;Obras;Lotte@Usach.edu;5.5;6.0;2.3;2.9
Ryann;25;18.388.404-9;UCatolica;Obras;Ryann@UCatolica.com;4.3;2.7;1.0;4.1
Bonnie;46;28.912.395-7;UTEM;Informatica;Bonnie@UTEM.edu;1.0;2.9;5.9;6.6
Briny;33;11.917.908-8;UTEM;Bachi;Briny@UTEM.edu;2.1;1.1;3.2;2.8
Ruthi;22;13.368.891-5;UCatolica;Electrica;Ruthi@UCatolica.cl;6.3;2.3;3.0;6.2
Merlina;41;26.376.530-4;UTEM;Quimica;Merlina@UTEM.edu;5.2;5.3;5.5;5.8
Gussi;22;29.971.430-6;UTEM;Quimica;Gussi@UTEM.edu;6.6;2.5;4.4;4.8
Valencia;47;10.396.159-6;UdChile;Obras;Valencia@UdChile.cl;5.1;1.7;1.9;1.9
Perle;38;29.991.521-6;UCatolica;Bachi;Perle@UCatolica.edu;3.1;5.4;2.5;5.6
Mariele;34;22.997.388-8;Usach;Quimica;Mariele@Usach.com;4.8;3.1;4.2;3.8
Melanie;30;19.721.524-2;UdChile;Obras;Melanie@UdChile.cl;2.8;5.1;3.2;4.1
Kandace;51;11.091.443-4;Usach;Quimica;Kandace@Usach.com;6.7;4.7;1.7;1.4
Marge;55;22.022.871-4;UdChile;Informatica;Marge@UdChile.edu;1.1;2.3;3.3;5.6
Dorris;21;25.237.193-9;UdChile;Informatica;Dorris@UdChile.edu;3.4;3.7;2.1;4.3
Alysia;24;28.826.574-1;Usach;Bachi;Alysia@Usach.cl;5.4;3.6;5.3;6.2
Terra;38;10.152.967-4;UCatolica;Bachi;Terra@UCatolica.com;3.4;5.1;6.2;5.4
Carline;37;22.710.256-3;UdChile;Obras;Carline@UdChile.edu;4.7;3.7;6.6;6.7
Marylin;23;14.905.085-8;UTEM;Informatica;Marylin@UTEM.edu;5.2;2.7;4.7;4.4
Moreen;21;12.111.492-1;UdChile;Bachi;Moreen@UdChile.com;3.0;3.9;3.0;2.2
Horatia;52;13.948.426-7;UTEM;Informatica;Horatia@UTEM.com;4.1;2.4;5.3;5.4
Ulla;43;13.863.671-5;UTEM;Bachi;Ulla@UTEM.edu;6.2;2.4;3.6;1.4
Tiffy;34;28.203.893-3;Usach;Electrica;Tiffy@Usach.cl;2.8;1.5;2.0;5.0
Joelly;21;22.311.340-8;UdChile;Informatica;Joelly@UdChile.cl;3.2;4.3;5.6;2.4
Eula;35;28.755.376-3;Usach;Bachi;Eula@Usach.edu;1.7;2.7;5.2;1.9
Ingrid;53;25.160.380-9;UdChile;Informatica;Ingrid@UdChile.edu;4.8;3.6;2.7;2.1
Marcellina;47;10.971.902-1;UdChile;Bachi;Marcellina@UdChile.edu;2.3;4.1;1.5;2.1
Lanae;35;21.814.310-0;UTEM;Informatica;Lanae@UTEM.edu;1.1;1.4;2.9;3.8
Hedvig;22;15.630.309-6;UTEM;Informatica;Hedvig@UTEM.cl;1.8;6.4;3.2;1.4
Winne;23;29.820.173-K;UCatolica;Informatica;Winne@UCatolica.cl;3.6;2.5;5.4;1.6
Pris;20;14.567.330-1;UdChile;Electrica;Pris@UdChile.edu;1.8;1.9;3.5;4.1
Simone;30;21.996.272-5;UCatolica;Informatica;Simone@UCatolica.com;5.1;1.8;2.7;1.5
Genna;24;21.778.566-K;Usach;Obras;Genna@Usach.com;2.1;6.6;4.5;3.7
Enid;48;29.183.186-K;UTEM;Informatica;Enid@UTEM.com;4.1;2.1;2.5;6.1
Maddalena;46;13.349.559-1;UCatolica;Bachi;Maddalena@UCatolica.cl;2.6;4.4;6.0;5.1
Myrah;25;18.960.783-5;UCatolica;Informatica;Myrah@UCatolica.com;6.4;3.5;1.8;3.8
Krystalle;49;20.357.444-0;UdChile;Electrica;Krystalle@UdChile.com;3.4;1.7;5.7;2.0
Elset;37;12.785.539-K;Usach;Electrica;Elset@Usach.edu;5.0;5.1;5.2;1.6
Dion;42;28.438.335-8;UTEM;Obras;Dion@UTEM.cl;5.5;3.9;1.7;3.2
Timothea;28;22.041.993-0;UCatolica;Obras;Timothea@UCatolica.edu;4.7;1.5;3.5;5.8
Ranique;21;25.200.316-2;Usach;Informatica;Ranique@Usach.cl;2.3;4.8;6.3;2.4
Whitney;45;21.909.593-6;Usach;Bachi;Whitney@Usach.edu;2.2;6.3;4.4;4.8
Doroteya;23;25.415.138-4;UCatolica;Quimica;Doroteya@UCatolica.com;6.8;1.6;4.4;5.8
Marylinda;42;12.367.708-3;UCatolica;Informatica;Marylinda@UCatolica.com;2.5;4.7;4.8;5.5
Yelena;24;20.014.865-2;UCatolica;Informatica;Yelena@UCatolica.edu;2.1;2.1;1.8;4.4
Melina;19;11.065.579-9;UdChile;Obras;Melina@UdChile.edu;3.7;1.5;6.6;5.2
Ailene;28;16.002.814-2;UdChile;Quimica;Ailene@UdChile.edu;5.8;1.1;6.2;1.8
Elvina;20;10.811.167-4;Usach;Quimica;Elvina@Usach.com;6.8;4.8;3.2;2.0
Kellyann;30;12.982.397-0;UTEM;Bachi;Kellyann@UTEM.cl;4.4;6.3;4.6;1.0
Adoree;25;22.693.119-0;UdChile;Quimica;Adoree@UdChile.edu;2.2;1.3;2.5;6.1
Marlie;45;29.386.136-0;UCatolica;Obras;Marlie@UCatolica.edu;1.5;2.3;5.7;5.5
Daphna;35;14.010.933-4;Usach;Obras;Daphna@Usach.cl;4.6;1.4;5.5;2.1
Ulrica;39;11.909.411-K;Usach;Informatica;Ulrica@Usach.com;4.8;2.9;4.5;5.6
Julie;17;20.520.400-2;Usach;Informatica;Julie@Usach.cl;4.6;5.4;4.3;2.2
Fanchon;33;21.220.229-8;UCatolica;Obras;Fanchon@UCatolica.cl;4.1;3.7;3.0;2.6
Philly;27;12.903.112-7;UCatolica;Informatica;Philly@UCatolica.cl;6.6;3.3;5.2;2.4
Benoite;38;27.843.391-7;Usach;Obras;Benoite@Usach.cl;3.7;5.0;1.2;6.9
Holly-Anne;19;29.458.545-K;Usach;Quimica;Holly-Anne@Usach.cl;3.7;3.6;6.2;3.1
Hannis;24;23.403.304-K;UdChile;Informatica;Hannis@UdChile.cl;1.7;2.3;3.9;6.0
Veronique;30;19.581.141-5;UdChile;Obras;Veronique@UdChile.cl;1.0;6.1;1.2;4.8
Collete;51;29.890.032-0;Usach;Informatica;Collete@Usach.com;1.2;2.3;5.7;6.6
Wileen;37;21.023.593-6;UCatolica;Bachi;Wileen@UCatolica.cl;1.3;2.0;3.7;3.0
Paulina;17;15.627.580-1;Usach;Obras;Paulina@Usach.edu;1.7;2.3;5.7;2.4
Revkah;19;21.899.199-0;Usach;Electrica;Revkah@Usach.cl;1.4;6.7;4.2;1.0
Shandeigh;23;21.601.719-9;Usach;Electrica;Shandeigh@Usach.com;2.6;2.4;5.2;1.0
Zita;27;11.536.413-8;UCatolica;Bachi;Zita@UCatolica.com;4.6;3.7;2.6;1.2
Heather;25;22.022.069-3;Usach;Bachi;Heather@Usach.cl;5.0;6.8;1.6;2.4
Moyra;22;21.374.248-4;UdChile;Bachi;Moyra@UdChile.cl;4.7;5.6;5.6;1.2
Kristi;24;24.317.194-6;UCatolica;Informatica;Kristi@UCatolica.cl;6.7;5.6;3.8;1.0
Ladonna;43;17.817.349-9;Usach;Bachi;Ladonna@Usach.com;2.6;3.3;2.4;2.7
Deb;41;21.596.377-7;Usach;Informatica;Deb@Usach.com;6.2;2.9;6.4;1.7
Ardis;36;16.130.324-2;UCatolica;Obras;Ardis@UCatolica.com;2.2;3.3;5.9;1.9
Friederike;20;17.571.496-6;UdChile;Informatica;Friederike@UdChile.com;2.1;4.8;3.2;5.2
Bridgette;24;24.454.143-6;Usach;Bachi;Bridgette@Usach.edu;6.1;3.2;4.8;5.0
Leland;40;29.322.847-8;UTEM;Bachi;Leland@UTEM.com;4.2;2.4;4.2;1.8
Drusie;38;28.067.080-9;Usach;Obras;Drusie@Usach.com;4.6;3.6;6.7;3.2
Gael;26;15.500.197-3;UCatolica;Informatica;Gael@UCatolica.edu;1.6;6.9;4.2;3.8
Antonietta;53;12.584.866-2;UdChile;Informatica;Antonietta@UdChile.com;2.0;2.1;1.1;2.2
Fayth;42;24.380.998-6;UdChile;Electrica;Fayth@UdChile.edu;2.7;5.3;5.0;5.0
Aeriell;47;10.148.627-8;Usach;Bachi;Aeriell@Usach.com;3.5;6.7;4.6;5.4
Cherilyn;32;14.414.893-2;UCatolica;Informatica;Cherilyn@UCatolica.edu;1.5;3.0;6.4;1.7
Arluene;33;17.499.556-9;UdChile;Obras;Arluene@UdChile.com;4.6;1.6;2.4;3.1
Dalila;31;20.277.234-4;UTEM;Electrica;Dalila@UTEM.edu;2.6;3.4;3.6;3.5
Alverta;38;27.957.087-9;UdChile;Quimica;Alverta@UdChile.com;2.6;4.8;4.9;1.6
Cammie;51;11.483.709-K;UTEM;Bachi;Cammie@UTEM.cl;3.6;1.9;1.9;5.2
Doretta;45;23.374.075-1;UTEM;Bachi;Doretta@UTEM.com;3.0;2.9;2.7;6.6
Noelle;49;10.601.080-8;UdChile;Quimica;Noelle@UdChile.cl;3.5;2.5;1.6;5.6
Belva;36;25.192.426-9;Usach;Obras;Belva@Usach.edu;4.9;6.4;1.2;5.3
Leodora;24;20.889.559-2;Usach;Obras;Leodora@Usach.cl;6.2;2.1;4.1;4.0
Talya;35;25.142.396-1;UCatolica;Obras;Talya@UCatolica.com;2.7;5.6;5.5;6.0
Yoshi;54;19.283.471-1;Usach;Obras;Yoshi@Usach.com;5.7;1.2;2.4;5.9
Cynthia;43;21.819.916-6;UTEM;Bachi;Cynthia@UTEM.edu;5.7;3.9;3.2;2.4
Timmie;41;12.423.847-5;UdChile;Obras;Timmie@UdChile.edu;4.0;4.0;4.2;6.6
Nedda;31;26.912.079-7;UCatolica;Electrica;Nedda@UCatolica.cl;2.7;4.5;1.8;6.7
Jaymee;55;18.846.292-5;UdChile;Bachi;Jaymee@UdChile.com;5.2;4.0;2.0;1.8
Carolyne;30;24.412.158-K;UTEM;Electrica;Carolyne@UTEM.cl;3.0;2.6;5.0;2.6
Ann;21;28.815.996-K;UCatolica;Obras;Ann@UCatolica.cl;1.1;3.1;3.1;3.6
